Включение;Отключение;Работа;уровень
2020-02-03 05:10:45;2020-02-03 05:10:58;13;
2020-02-03 05:11:39;2020-02-03 05:12:23;44;
2020-02-03 05:13:31;2020-02-03 05:13:50;19;
2020-02-03 05:14:36;2020-02-03 05:14:47;11;
2020-02-03 05:15:50;2020-02-03 05:15:58;8;
2020-02-03 05:17:33;2020-02-03 05:18:11;38;
2020-02-03 05:20:24;2020-02-03 05:21:08;44;
2020-02-03 05:21:29;2020-02-03 05:21:35;6;
2020-02-03 05:22:16;2020-02-03 05:23:13;57;
2020-02-03 05:27:15;2020-02-03 05:27:17;2;
2020-02-03 06:12:20;2020-02-03 06:12:55;35;
2020-02-03 06:50:23;2020-02-03 06:50:47;24;
2020-02-03 06:51:15;2020-02-03 06:51:23;8;
2020-02-03 06:54:06;2020-02-03 06:54:41;35;
2020-02-03 06:55:14;2020-02-03 06:55:19;5;
2020-02-03 06:55:57;2020-02-03 06:56:08;11;
2020-02-03 06:56:27;2020-02-03 06:57:30;63;
2020-02-03 06:57:49;2020-02-03 06:58:03;14;
2020-02-03 06:58:30;2020-02-03 07:00:21;111;
2020-02-03 07:00:46;2020-02-03 07:06:36;350;
2020-02-03 07:06:58;2020-02-03 07:08:41;103;
2020-02-03 07:09:00;2020-02-03 07:10:35;95;
2020-02-03 07:10:57;2020-02-03 07:11:43;46;
2020-02-03 07:12:00;2020-02-03 07:13:19;79;
2020-02-03 07:13:38;2020-02-03 07:13:59;21;
2020-02-03 07:14:18;2020-02-03 07:15:13;55;
2020-02-03 07:15:32;2020-02-03 07:15:40;8;
2020-02-03 07:16:07;2020-02-03 07:16:24;17;
2020-02-03 07:16:53;2020-02-03 07:17:18;25;
2020-02-03 07:18:01;2020-02-03 07:18:20;19;
2020-02-03 07:18:39;2020-02-03 07:19:39;60;
2020-02-03 07:19:58;2020-02-03 07:20:17;19;
2020-02-03 07:20:55;2020-02-03 07:22:52;117;
2020-02-03 07:23:11;2020-02-03 07:24:25;74;
2020-02-03 07:24:47;2020-02-03 07:25:00;13;
2020-02-03 07:25:19;2020-02-03 07:26:14;55;
2020-02-03 07:26:33;2020-02-03 07:27:00;27;
2020-02-03 07:27:19;2020-02-03 07:28:16;57;
2020-02-03 07:28:35;2020-02-03 07:28:40;5;
2020-02-03 07:28:59;2020-02-03 07:29:29;30;
2020-02-03 07:30:59;2020-02-03 07:31:13;14;
2020-02-03 07:31:48;2020-02-03 07:32:01;13;
2020-02-03 07:32:26;2020-02-03 07:32:31;5;
2020-02-03 07:32:48;2020-02-03 07:32:53;5;
2020-02-03 07:33:15;2020-02-03 07:33:23;8;
2020-02-03 07:33:58;2020-02-03 07:34:15;17;
2020-02-03 07:34:53;2020-02-03 07:34:56;3;
2020-02-03 07:35:31;2020-02-03 07:35:58;27;
2020-02-03 07:37:39;2020-02-03 07:38:22;43;
2020-02-03 07:38:40;2020-02-03 07:38:47;7;
2020-02-03 07:39:14;2020-02-03 07:39:27;13;
2020-02-03 07:39:46;2020-02-03 07:40:14;28;
2020-02-03 07:40:52;2020-02-03 07:41:22;30;
2020-02-03 07:42:21;2020-02-03 07:42:29;8;
2020-02-03 07:43:27;2020-02-03 07:43:29;2;
2020-02-03 07:44:05;2020-02-03 07:44:13;8;
2020-02-03 07:44:32;2020-02-03 07:44:48;16;
2020-02-03 07:45:29;2020-02-03 07:46:02;33;
2020-02-03 07:49:31;2020-02-03 07:49:34;3;
2020-02-03 07:49:58;2020-02-03 07:50:25;27;
2020-02-03 07:51:01;2020-02-03 07:51:11;10;
2020-02-03 07:51:47;2020-02-03 07:51:55;8;
2020-02-03 07:52:17;2020-02-03 07:52:19;2;
2020-02-03 07:52:41;2020-02-03 07:52:52;11;
2020-02-03 07:53:25;2020-02-03 07:53:30;5;
2020-02-03 07:53:49;2020-02-03 07:53:57;8;
2020-02-03 07:55:52;2020-02-03 07:55:54;2;
2020-02-03 07:56:32;2020-02-03 07:56:41;9;
2020-02-03 07:57:35;2020-02-03 07:57:43;8;
2020-02-03 08:00:34;2020-02-03 08:00:40;6;
2020-02-03 08:18:31;2020-02-03 08:18:39;8;
2020-02-03 08:18:58;2020-02-03 08:19:04;6;
2020-02-03 08:20:04;2020-02-03 08:20:36;32;
2020-02-03 08:22:22;2020-02-03 08:22:30;8;
2020-02-03 08:23:09;2020-02-03 08:23:19;10;
2020-02-03 08:27:13;2020-02-03 08:27:30;17;
2020-02-03 08:28:10;2020-02-03 08:28:13;3;
2020-02-03 08:28:40;2020-02-03 08:28:51;11;
2020-02-03 08:28:57;2020-02-03 08:29:05;8;
2020-02-03 08:29:27;2020-02-03 08:29:29;2;
2020-02-03 08:30:13;2020-02-03 08:30:18;5;
2020-02-03 08:31:15;2020-02-03 08:31:23;8;
2020-02-03 08:32:10;2020-02-03 08:32:21;11;
2020-02-03 08:32:40;2020-02-03 08:32:56;16;
2020-02-03 08:33:34;2020-02-03 08:33:48;14;
2020-02-03 08:34:58;2020-02-03 08:35:12;14;
2020-02-03 08:35:31;2020-02-03 08:35:36;5;
2020-02-03 08:36:20;2020-02-03 08:36:34;14;
2020-02-03 08:36:36;2020-02-03 08:36:44;8;
2020-02-03 08:38:36;2020-02-03 08:38:52;16;
2020-02-03 08:39:33;2020-02-03 08:39:49;16;
2020-02-03 08:41:00;2020-02-03 08:41:05;5;
2020-02-03 08:43:16;2020-02-03 08:43:19;3;
2020-02-03 08:44:13;2020-02-03 08:44:27;14;
2020-02-03 08:45:18;2020-02-03 08:45:27;9;
2020-02-03 08:46:10;2020-02-03 08:46:21;11;
2020-02-03 08:46:59;2020-02-03 08:47:13;14;
2020-02-03 08:47:32;2020-02-03 08:47:37;5;
2020-02-03 08:48:12;2020-02-03 08:48:21;9;
2020-02-03 08:49:42;2020-02-03 08:49:45;3;
2020-02-03 08:50:53;2020-02-03 08:50:55;2;
2020-02-03 08:51:42;2020-02-03 08:51:44;2;
2020-02-03 08:52:50;2020-02-03 08:52:58;8;
2020-02-03 08:53:22;2020-02-03 08:53:36;14;
2020-02-03 08:54:36;2020-02-03 08:54:47;11;
2020-02-03 08:57:32;2020-02-03 08:57:35;3;
2020-02-03 09:01:43;2020-02-03 09:01:48;5;
2020-02-03 09:05:47;2020-02-03 09:06:04;17;
2020-02-03 09:06:23;2020-02-03 09:06:36;13;
2020-02-03 09:07:39;2020-02-03 09:07:47;8;
2020-02-03 09:08:47;2020-02-03 09:08:58;11;
2020-02-03 09:10:03;2020-02-03 09:10:08;5;
2020-02-03 09:12:19;2020-02-03 09:12:32;13;
2020-02-03 09:15:29;2020-02-03 09:15:32;3;
2020-02-03 09:16:15;2020-02-03 09:16:21;6;
2020-02-03 09:21:06;2020-02-03 09:21:12;6;
2020-02-03 09:22:03;2020-02-03 09:22:06;3;
2020-02-03 09:23:39;2020-02-03 09:23:41;2;
2020-02-03 09:24:44;2020-02-03 09:24:49;5;
2020-02-03 09:25:33;2020-02-03 09:25:44;11;
2020-02-03 09:27:49;2020-02-03 09:27:52;3;
2020-02-03 09:28:51;2020-02-03 09:28:57;6;
2020-02-03 09:29:40;2020-02-03 09:29:57;17;
2020-02-03 09:30:46;2020-02-03 09:30:56;10;
2020-02-03 09:31:29;2020-02-03 09:31:37;8;
2020-02-03 09:34:34;2020-02-03 09:34:42;8;
2020-02-03 09:36:42;2020-02-03 09:36:45;3;
2020-02-03 09:37:44;2020-02-03 09:38:03;19;
2020-02-03 09:38:56;2020-02-03 09:39:17;21;
2020-02-03 09:40:30;2020-02-03 09:40:36;6;
2020-02-03 09:41:41;2020-02-03 09:42:11;30;
2020-02-03 09:42:30;2020-02-03 09:42:49;19;
2020-02-03 09:43:11;2020-02-03 09:43:13;2;
2020-02-03 09:43:32;2020-02-03 09:43:38;6;
2020-02-03 09:43:57;2020-02-03 09:44:02;5;
2020-02-03 09:45:13;2020-02-03 09:45:19;6;
2020-02-03 09:47:29;2020-02-03 09:47:32;3;
2020-02-03 09:49:23;2020-02-03 09:49:29;6;
2020-02-03 09:51:53;2020-02-03 09:51:55;2;
2020-02-03 09:52:16;2020-02-03 09:52:25;9;
2020-02-03 09:53:41;2020-02-03 09:53:47;6;
2020-02-03 09:53:50;2020-02-03 09:53:52;2;
2020-02-03 09:54:44;2020-02-03 09:54:47;3;
2020-02-03 09:55:41;2020-02-03 09:55:52;11;
2020-02-03 09:57:19;2020-02-03 09:57:30;11;
2020-02-03 09:59:57;2020-02-03 10:00:05;8;
2020-02-03 10:02:05;2020-02-03 10:02:07;2;
2020-02-03 10:03:10;2020-02-03 10:03:18;8;
2020-02-03 10:04:53;2020-02-03 10:04:56;3;
2020-02-03 10:05:53;2020-02-03 10:06:07;14;
2020-02-03 10:08:01;2020-02-03 10:08:17;16;
2020-02-03 10:08:23;2020-02-03 10:08:50;27;
2020-02-03 10:09:09;2020-02-03 10:09:20;11;
2020-02-03 10:09:36;2020-02-03 10:09:39;3;
2020-02-03 10:13:35;2020-02-03 10:13:41;6;
2020-02-03 10:14:21;2020-02-03 10:14:30;9;
2020-02-03 10:15:46;2020-02-03 10:15:59;13;
2020-02-03 10:17:10;2020-02-03 10:17:13;3;
2020-02-03 10:17:35;2020-02-03 10:17:37;2;
2020-02-03 10:17:56;2020-02-03 10:17:59;3;
2020-02-03 10:18:26;2020-02-03 10:18:34;8;
2020-02-03 10:19:18;2020-02-03 10:19:23;5;
2020-02-03 10:20:18;2020-02-03 10:20:23;5;
2020-02-03 10:21:07;2020-02-03 10:21:15;8;
2020-02-03 10:22:34;2020-02-03 10:22:45;11;
2020-02-03 10:23:01;2020-02-03 10:23:39;38;
2020-02-03 10:23:53;2020-02-03 10:23:58;5;
2020-02-03 10:25:03;2020-02-03 10:25:25;22;
2020-02-03 10:25:47;2020-02-03 10:25:58;11;
2020-02-03 10:26:01;2020-02-03 10:26:03;2;
2020-02-03 10:26:41;2020-02-03 10:26:58;17;
2020-02-03 10:27:49;2020-02-03 10:27:58;9;
2020-02-03 10:28:06;2020-02-03 10:28:11;5;
2020-02-03 10:28:46;2020-02-03 10:28:55;9;
2020-02-03 10:29:33;2020-02-03 10:29:38;5;
2020-02-03 10:29:57;2020-02-03 10:30:19;22;
2020-02-03 10:30:32;2020-02-03 10:30:51;19;
2020-02-03 10:31:10;2020-02-03 10:31:16;6;
2020-02-03 10:31:46;2020-02-03 10:31:49;3;
2020-02-03 10:32:10;2020-02-03 10:32:29;19;
2020-02-03 10:32:57;2020-02-03 10:33:05;8;
2020-02-03 10:35:04;2020-02-03 10:35:10;6;
2020-02-03 10:36:04;2020-02-03 10:36:18;14;
2020-02-03 10:36:42;2020-02-03 10:36:45;3;
2020-02-03 10:37:04;2020-02-03 10:37:21;17;
2020-02-03 10:37:23;2020-02-03 10:37:26;3;
2020-02-03 10:37:59;2020-02-03 10:38:07;8;
2020-02-03 10:38:37;2020-02-03 10:38:42;5;
2020-02-03 10:39:12;2020-02-03 10:39:15;3;
2020-02-03 10:40:01;2020-02-03 10:40:15;14;
2020-02-03 10:40:31;2020-02-03 10:41:12;41;
2020-02-03 10:42:47;2020-02-03 10:42:55;8;
2020-02-03 10:43:17;2020-02-03 10:43:25;8;
2020-02-03 10:44:14;2020-02-03 10:44:17;3;
2020-02-03 10:44:50;2020-02-03 10:44:52;2;
2020-02-03 10:45:30;2020-02-03 10:45:34;4;
2020-02-03 10:46:06;2020-02-03 10:46:11;5;
2020-02-03 10:52:00;2020-02-03 10:52:02;2;
2020-02-03 10:53:13;2020-02-03 10:53:16;3;
2020-02-03 10:53:54;2020-02-03 10:53:57;3;
2020-02-03 10:55:10;2020-02-03 10:55:46;36;
2020-02-03 10:57:10;2020-02-03 10:57:30;20;
2020-02-03 10:58:08;2020-02-03 10:58:29;21;
2020-02-03 10:58:48;2020-02-03 10:58:54;6;
2020-02-03 10:59:32;2020-02-03 10:59:59;27;
2020-02-03 11:01:37;2020-02-03 11:01:43;6;
2020-02-03 11:02:02;2020-02-03 11:02:07;5;
2020-02-03 11:02:26;2020-02-03 11:02:35;9;
2020-02-03 11:03:07;2020-02-03 11:03:16;9;
2020-02-03 11:04:40;2020-02-03 11:04:43;3;
2020-02-03 11:05:02;2020-02-03 11:05:10;8;
2020-02-03 11:06:21;2020-02-03 11:06:29;8;
2020-02-03 11:07:23;2020-02-03 11:07:29;6;
2020-02-03 11:09:23;2020-02-03 11:09:31;8;
2020-02-03 11:09:48;2020-02-03 11:10:07;19;
2020-02-03 11:12:32;2020-02-03 11:12:37;5;
2020-02-03 11:13:15;2020-02-03 11:13:17;2;
2020-02-03 11:13:45;2020-02-03 11:14:12;27;
2020-02-03 11:14:31;2020-02-03 11:15:04;33;
2020-02-03 11:16:53;2020-02-03 11:17:01;8;
2020-02-03 11:17:20;2020-02-03 11:17:36;16;
2020-02-03 11:19:04;2020-02-03 11:19:12;8;
2020-02-03 11:22:11;2020-02-03 11:22:17;6;
2020-02-03 11:23:06;2020-02-03 11:23:09;3;
2020-02-03 11:25:47;2020-02-03 11:25:55;8;
2020-02-03 11:26:19;2020-02-03 11:26:28;9;
2020-02-03 11:27:49;2020-02-03 11:28:03;14;
2020-02-03 11:30:16;2020-02-03 11:30:22;6;
2020-02-03 11:31:46;2020-02-03 11:32:11;25;
2020-02-03 11:32:30;2020-02-03 11:32:32;2;
2020-02-03 11:33:10;2020-02-03 11:33:13;3;
2020-02-03 11:33:49;2020-02-03 11:33:54;5;
2020-02-03 11:34:13;2020-02-03 11:34:19;6;
2020-02-03 11:35:48;2020-02-03 11:35:54;6;
2020-02-03 11:37:34;2020-02-03 11:37:37;3;
2020-02-03 11:38:04;2020-02-03 11:38:23;19;
2020-02-03 11:39:48;2020-02-03 11:39:53;5;
2020-02-03 11:41:44;2020-02-03 11:41:50;6;
2020-02-03 11:43:06;2020-02-03 11:43:22;16;
2020-02-03 11:45:09;2020-02-03 11:45:11;2;
2020-02-03 11:49:40;2020-02-03 11:49:43;3;
2020-02-03 11:53:15;2020-02-03 11:53:18;3;
2020-02-03 11:53:51;2020-02-03 11:53:53;2;
2020-02-03 11:55:42;2020-02-03 11:55:45;3;
2020-02-03 12:00:12;2020-02-03 12:00:14;2;
2020-02-03 12:00:58;2020-02-03 12:01:11;13;
2020-02-03 12:01:44;2020-02-03 12:02:11;27;
2020-02-03 12:07:27;2020-02-03 12:08:05;38;
2020-02-03 12:08:19;2020-02-03 12:08:27;8;
2020-02-03 12:12:02;2020-02-03 12:12:23;21;
2020-02-03 12:14:34;2020-02-03 12:14:39;5;
2020-02-03 12:15:15;2020-02-03 12:15:18;3;
2020-02-03 12:17:28;2020-02-03 12:17:31;3;
2020-02-03 12:17:39;2020-02-03 12:17:42;3;
2020-02-03 12:19:03;2020-02-03 12:19:11;8;
2020-02-03 12:19:58;2020-02-03 12:20:03;5;
2020-02-03 12:20:25;2020-02-03 12:20:28;3;
2020-02-03 12:21:55;2020-02-03 12:22:11;16;
2020-02-03 12:23:19;2020-02-03 12:23:22;3;
2020-02-03 12:24:00;2020-02-03 12:24:16;16;
2020-02-03 12:27:32;2020-02-03 12:27:40;8;
2020-02-03 12:28:10;2020-02-03 12:28:18;8;
2020-02-03 12:29:21;2020-02-03 12:29:27;6;
2020-02-03 12:29:46;2020-02-03 12:29:48;2;
2020-02-03 12:30:07;2020-02-03 12:30:43;36;
2020-02-03 12:31:07;2020-02-03 12:31:13;6;
2020-02-03 12:32:34;2020-02-03 12:32:53;19;
2020-02-03 12:33:04;2020-02-03 12:33:10;6;
2020-02-03 12:33:37;2020-02-03 12:34:10;33;
2020-02-03 12:34:40;2020-02-03 12:35:07;27;
2020-02-03 12:35:26;2020-02-03 12:35:45;19;
2020-02-03 12:37:20;2020-02-03 12:37:53;33;
2020-02-03 12:38:12;2020-02-03 12:38:56;44;
2020-02-03 12:39:42;2020-02-03 12:40:50;68;
2020-02-03 12:41:44;2020-02-03 12:42:17;33;
2020-02-03 12:44:17;2020-02-03 12:44:22;5;
2020-02-03 12:44:47;2020-02-03 12:45:16;29;
2020-02-03 12:45:46;2020-02-03 12:45:55;9;
2020-02-03 12:46:33;2020-02-03 12:46:44;11;
2020-02-03 12:47:24;2020-02-03 12:47:49;25;
2020-02-03 12:48:46;2020-02-03 12:49:05;19;
2020-02-03 12:49:40;2020-02-03 12:49:51;11;
2020-02-03 12:50:10;2020-02-03 12:51:02;52;
2020-02-03 12:51:21;2020-02-03 12:51:24;3;
2020-02-03 12:52:21;2020-02-03 12:52:51;30;
2020-02-03 12:53:10;2020-02-03 12:53:31;21;
2020-02-03 12:53:53;2020-02-03 12:54:40;47;
2020-02-03 12:55:23;2020-02-03 12:56:09;46;
2020-02-03 12:56:39;2020-02-03 12:57:17;38;
2020-02-03 12:57:42;2020-02-03 12:57:44;2;
2020-02-03 12:58:04;2020-02-03 12:58:09;5;
2020-02-03 12:58:36;2020-02-03 12:59:01;25;
2020-02-03 12:59:20;2020-02-03 12:59:50;30;
2020-02-03 13:00:09;2020-02-03 13:00:14;5;
2020-02-03 13:00:49;2020-02-03 13:01:30;41;
2020-02-03 13:02:22;2020-02-03 13:02:46;24;
2020-02-03 13:03:35;2020-02-03 13:03:49;14;
2020-02-03 13:04:49;2020-02-03 13:05:13;24;
2020-02-03 13:05:35;2020-02-03 13:06:06;31;
2020-02-03 13:07:46;2020-02-03 13:07:52;6;
2020-02-03 13:08:14;2020-02-03 13:08:44;30;
2020-02-03 13:09:24;2020-02-03 13:10:08;44;
2020-02-03 13:10:41;2020-02-03 13:10:57;16;
2020-02-03 13:11:46;2020-02-03 13:12:16;30;
2020-02-03 13:12:51;2020-02-03 13:14:56;125;
2020-02-03 13:15:40;2020-02-03 13:16:40;60;
2020-02-03 13:17:07;2020-02-03 13:17:34;27;
2020-02-03 13:17:53;2020-02-03 13:18:10;17;
2020-02-03 13:18:29;2020-02-03 13:18:37;8;
2020-02-03 13:20:53;2020-02-03 13:21:09;16;
2020-02-03 13:23:39;2020-02-03 13:24:28;49;
2020-02-03 13:26:14;2020-02-03 13:26:20;6;
2020-02-03 13:27:14;2020-02-03 13:27:41;27;
2020-02-03 13:29:19;2020-02-03 13:30:03;44;
2020-02-03 13:31:02;2020-02-03 13:31:49;47;
2020-02-03 13:32:40;2020-02-03 13:32:43;3;
2020-02-03 13:34:02;2020-02-03 13:34:10;8;
2020-02-03 13:34:46;2020-02-03 13:35:13;27;
2020-02-03 13:35:46;2020-02-03 13:36:13;27;
2020-02-03 13:38:29;2020-02-03 13:38:42;13;
2020-02-03 13:41:04;2020-02-03 13:41:15;11;
2020-02-03 13:45:37;2020-02-03 13:45:56;19;
2020-02-03 13:47:25;2020-02-03 13:48:09;44;
2020-02-03 13:48:28;2020-02-03 13:48:33;5;
2020-02-03 13:49:23;2020-02-03 13:49:31;8;
2020-02-03 13:50:23;2020-02-03 13:50:31;8;
2020-02-03 13:50:58;2020-02-03 13:51:14;16;
2020-02-03 13:53:14;2020-02-03 13:53:20;6;
2020-02-03 13:53:53;2020-02-03 13:53:59;6;
2020-02-03 13:57:37;2020-02-03 13:57:50;13;
2020-02-03 13:58:47;2020-02-03 13:59:06;19;
2020-02-03 13:59:55;2020-02-03 13:59:58;3;
2020-02-03 14:00:22;2020-02-03 14:00:28;6;
2020-02-03 14:01:09;2020-02-03 14:01:11;2;
2020-02-03 14:01:44;2020-02-03 14:01:58;14;
2020-02-03 14:06:46;2020-02-03 14:06:54;8;
2020-02-03 14:07:54;2020-02-03 14:07:59;5;
2020-02-03 14:08:43;2020-02-03 14:08:54;11;
2020-02-03 14:09:15;2020-02-03 14:09:24;9;
2020-02-03 14:10:32;2020-02-03 14:10:40;8;
2020-02-03 14:11:04;2020-02-03 14:11:10;6;
2020-02-03 14:11:50;2020-02-03 14:11:53;3;
2020-02-03 14:12:34;2020-02-03 14:12:45;11;
2020-02-03 14:13:45;2020-02-03 14:13:53;8;
2020-02-03 14:14:04;2020-02-03 14:14:15;11;
2020-02-03 14:15:17;2020-02-03 14:15:50;33;
2020-02-03 14:16:06;2020-02-03 14:17:06;60;
2020-02-03 14:18:28;2020-02-03 14:18:33;5;
2020-02-03 14:19:03;2020-02-03 14:19:08;5;
2020-02-03 14:19:38;2020-02-03 14:19:52;14;
2020-02-03 14:20:41;2020-02-03 14:20:49;8;
2020-02-03 14:21:11;2020-02-03 14:21:13;2;
2020-02-03 14:21:43;2020-02-03 14:22:08;25;
2020-02-03 14:22:19;2020-02-03 14:22:29;10;
2020-02-03 14:22:51;2020-02-03 14:22:59;8;
2020-02-03 14:23:21;2020-02-03 14:23:29;8;
2020-02-03 14:23:35;2020-02-03 14:23:38;3;
2020-02-03 14:24:24;2020-02-03 14:24:27;3;
2020-02-03 14:24:54;2020-02-03 14:25:29;35;
2020-02-03 14:25:54;2020-02-03 14:26:02;8;
2020-02-03 14:26:59;2020-02-03 14:27:02;3;
2020-02-03 14:28:18;2020-02-03 14:28:26;8;
2020-02-03 14:28:45;2020-02-03 14:28:48;3;
2020-02-03 14:28:53;2020-02-03 14:29:42;49;
2020-02-03 14:30:01;2020-02-03 14:30:06;5;
2020-02-03 14:30:53;2020-02-03 14:30:58;5;
2020-02-03 14:31:09;2020-02-03 14:31:42;33;
2020-02-03 14:32:03;2020-02-03 14:32:41;38;
2020-02-03 14:32:47;2020-02-03 14:32:50;3;
2020-02-03 14:33:25;2020-02-03 14:33:33;8;
2020-02-03 14:34:41;2020-02-03 14:35:03;22;
2020-02-03 14:35:22;2020-02-03 14:35:36;14;
2020-02-03 14:36:03;2020-02-03 14:36:11;8;
2020-02-03 14:36:30;2020-02-03 14:36:33;3;
2020-02-03 14:36:52;2020-02-03 14:37:05;13;
2020-02-03 14:37:24;2020-02-03 14:37:33;9;
2020-02-03 14:38:08;2020-02-03 14:39:27;79;
2020-02-03 14:39:48;2020-02-03 14:39:59;11;
2020-02-03 14:40:54;2020-02-03 14:41:10;16;
2020-02-03 14:42:02;2020-02-03 14:42:15;13;
2020-02-03 14:43:35;2020-02-03 14:43:45;10;
2020-02-03 14:44:04;2020-02-03 14:44:29;25;
2020-02-03 14:44:48;2020-02-03 14:44:50;2;
2020-02-03 14:45:34;2020-02-03 14:46:04;30;
2020-02-03 14:48:23;2020-02-03 14:48:28;5;
2020-02-03 14:49:17;2020-02-03 14:49:36;19;
2020-02-03 14:49:55;2020-02-03 14:49:58;3;
2020-02-03 14:50:30;2020-02-03 14:51:19;49;
2020-02-03 14:52:08;2020-02-03 14:52:16;8;
2020-02-03 14:52:46;2020-02-03 14:53:03;17;
2020-02-03 14:53:11;2020-02-03 14:53:30;19;
2020-02-03 14:53:41;2020-02-03 14:53:57;16;
2020-02-03 14:54:19;2020-02-03 14:55:00;41;
2020-02-03 14:55:24;2020-02-03 14:55:32;8;
2020-02-03 14:56:10;2020-02-03 14:56:16;6;
2020-02-03 14:56:35;2020-02-03 14:56:46;11;
2020-02-03 14:57:05;2020-02-03 14:57:27;22;
2020-02-03 14:58:21;2020-02-03 14:58:40;19;
2020-02-03 14:58:45;2020-02-03 14:59:21;36;
2020-02-03 14:59:48;2020-02-03 15:00:45;57;
2020-02-03 15:01:45;2020-02-03 15:01:50;5;
2020-02-03 15:02:53;2020-02-03 15:03:20;27;
2020-02-03 15:03:53;2020-02-03 15:04:01;8;
2020-02-03 15:04:04;2020-02-03 15:04:06;2;
2020-02-03 15:04:34;2020-02-03 15:04:42;8;
2020-02-03 15:05:01;2020-02-03 15:05:12;11;
2020-02-03 15:08:06;2020-02-03 15:08:21;15;
2020-02-03 15:09:06;2020-02-03 15:09:08;2;
2020-02-03 15:09:31;2020-02-03 15:09:36;5;
2020-02-03 15:09:55;2020-02-03 15:10:00;5;
2020-02-03 15:10:27;2020-02-03 15:10:35;8;
2020-02-03 15:11:41;2020-02-03 15:12:19;38;
2020-02-03 15:13:35;2020-02-03 15:13:40;5;
2020-02-03 15:14:21;2020-02-03 15:14:29;8;
2020-02-03 15:14:59;2020-02-03 15:15:16;17;
2020-02-03 15:16:32;2020-02-03 15:16:37;5;
2020-02-03 15:18:23;2020-02-03 15:18:37;14;
2020-02-03 15:19:39;2020-02-03 15:19:54;15;
2020-02-03 15:20:20;2020-02-03 15:21:26;66;
2020-02-03 15:21:58;2020-02-03 15:22:04;6;
2020-02-03 15:22:28;2020-02-03 15:22:53;25;
2020-02-03 15:23:12;2020-02-03 15:23:39;27;
2020-02-03 15:25:01;2020-02-03 15:25:09;8;
2020-02-03 15:27:36;2020-02-03 15:27:44;8;
2020-02-03 15:28:03;2020-02-03 15:28:08;5;
2020-02-03 15:29:32;2020-02-03 15:29:43;11;
2020-02-03 15:30:05;2020-02-03 15:30:24;19;
2020-02-03 15:30:27;2020-02-03 15:30:32;5;
2020-02-03 15:30:59;2020-02-03 15:31:08;9;
2020-02-03 15:31:46;2020-02-03 15:31:51;5;
2020-02-03 15:32:59;2020-02-03 15:33:24;25;
2020-02-03 15:34:48;2020-02-03 15:34:56;8;
2020-02-03 15:36:04;2020-02-03 15:36:10;6;
2020-02-03 15:36:51;2020-02-03 15:37:07;16;
2020-02-03 15:38:07;2020-02-03 15:38:20;13;
2020-02-03 15:38:34;2020-02-03 15:38:53;19;
2020-02-03 15:39:31;2020-02-03 15:39:34;3;
2020-02-03 15:40:47;2020-02-03 15:40:50;3;
2020-02-03 15:41:12;2020-02-03 15:41:17;5;
2020-02-03 15:41:50;2020-02-03 15:42:28;38;
2020-02-03 15:43:47;2020-02-03 15:43:52;5;
2020-02-03 15:44:27;2020-02-03 15:44:29;2;
2020-02-03 15:45:16;2020-02-03 15:45:25;9;
2020-02-03 15:46:22;2020-02-03 15:46:33;11;
2020-02-03 15:49:35;2020-02-03 15:49:37;2;
2020-02-03 15:55:53;2020-02-03 15:56:17;24;
2020-02-03 15:57:23;2020-02-03 15:57:39;16;
2020-02-03 16:03:46;2020-02-03 16:03:51;5;
2020-02-03 16:06:43;2020-02-03 16:06:54;11;
2020-02-03 16:08:10;2020-02-03 16:08:15;5;
2020-02-03 16:08:42;2020-02-03 16:08:45;3;
2020-02-03 16:09:21;2020-02-03 16:09:29;8;
2020-02-03 16:24:43;2020-02-03 16:24:51;8;
2020-02-03 16:27:45;2020-02-03 16:27:50;5;
2020-02-03 16:29:42;2020-02-03 16:30:12;30;
2020-02-03 16:33:19;2020-02-03 16:33:33;14;
2020-02-03 16:35:57;2020-02-03 16:36:16;19;
2020-02-03 16:37:22;2020-02-03 16:37:43;21;
2020-02-03 16:41:05;2020-02-03 16:41:13;8;
2020-02-03 16:52:00;2020-02-03 16:52:03;3;
2020-02-03 16:55:43;2020-02-03 16:55:57;14;
2020-02-03 17:00:09;2020-02-03 17:00:20;11;
2020-02-03 17:04:52;2020-02-03 17:04:55;3;
2020-02-03 17:05:33;2020-02-03 17:05:47;14;
2020-02-03 17:07:11;2020-02-03 17:07:16;5;
2020-02-03 17:09:19;2020-02-03 17:09:30;11;
2020-02-03 17:09:51;2020-02-03 17:09:59;8;
2020-02-03 17:10:27;2020-02-03 17:10:29;2;
2020-02-03 17:10:59;2020-02-03 17:11:21;22;
2020-02-03 17:11:40;2020-02-03 17:11:48;8;
2020-02-03 17:11:56;2020-02-03 17:12:05;9;
2020-02-03 17:13:15;2020-02-03 17:13:26;11;
2020-02-03 17:14:15;2020-02-03 17:14:26;11;
2020-02-03 17:17:28;2020-02-03 17:17:58;30;
2020-02-03 17:18:47;2020-02-03 17:18:58;11;
2020-02-03 17:19:42;2020-02-03 17:19:50;8;
2020-02-03 17:20:14;2020-02-03 17:20:52;38;
2020-02-03 17:21:41;2020-02-03 17:21:44;3;
2020-02-03 17:22:06;2020-02-03 17:22:14;8;
2020-02-03 17:22:49;2020-02-03 17:23:36;47;
2020-02-03 17:24:46;2020-02-03 17:25:22;36;
2020-02-03 17:26:00;2020-02-03 17:26:35;35;
2020-02-03 17:27:08;2020-02-03 17:27:13;5;
2020-02-03 17:28:48;2020-02-03 17:28:54;6;
2020-02-03 17:29:13;2020-02-03 17:29:16;3;
2020-02-03 17:31:15;2020-02-03 17:31:18;3;
2020-02-03 17:31:45;2020-02-03 17:31:56;11;
2020-02-03 17:32:40;2020-02-03 17:32:42;2;
2020-02-03 17:33:09;2020-02-03 17:33:26;17;
2020-02-03 17:34:09;2020-02-03 17:34:18;9;
2020-02-03 17:34:37;2020-02-03 17:35:12;35;
2020-02-03 17:37:22;2020-02-03 17:37:47;25;
2020-02-03 17:39:03;2020-02-03 17:39:14;11;
2020-02-03 17:40:35;2020-02-03 17:40:54;19;
2020-02-03 17:41:57;2020-02-03 17:42:24;27;
2020-02-03 17:43:21;2020-02-03 17:43:24;3;
2020-02-03 17:45:32;2020-02-03 17:46:10;38;
2020-02-03 17:47:05;2020-02-03 17:47:10;5;
2020-02-03 17:47:34;2020-02-03 17:48:02;28;
2020-02-03 17:48:21;2020-02-03 17:48:42;21;
2020-02-03 17:49:07;2020-02-03 17:50:07;60;
2020-02-03 17:50:26;2020-02-03 17:51:17;51;
2020-02-03 17:51:58;2020-02-03 17:52:17;19;
2020-02-03 17:52:28;2020-02-03 17:52:31;3;
2020-02-03 17:52:42;2020-02-03 17:53:58;76;
2020-02-03 17:54:01;2020-02-03 17:54:17;16;
2020-02-03 17:54:36;2020-02-03 17:55:11;35;
2020-02-03 17:55:20;2020-02-03 17:56:47;87;
2020-02-03 17:56:55;2020-02-03 17:57:00;5;
2020-02-03 17:57:11;2020-02-03 17:57:14;3;
2020-02-03 17:57:36;2020-02-03 17:58:25;49;
2020-02-03 17:58:49;2020-02-03 17:58:54;5;
2020-02-03 17:59:38;2020-02-03 17:59:41;3;
2020-02-03 18:00:00;2020-02-03 18:00:57;57;
2020-02-03 18:01:18;2020-02-03 18:01:37;19;
2020-02-03 18:01:54;2020-02-03 18:02:51;57;
2020-02-03 18:03:59;2020-02-03 18:04:29;30;
2020-02-03 18:04:53;2020-02-03 18:05:21;28;
2020-02-03 18:05:40;2020-02-03 18:05:56;16;
2020-02-03 18:06:18;2020-02-03 18:06:23;5;
2020-02-03 18:06:42;2020-02-03 18:07:12;30;
2020-02-03 18:07:30;2020-02-03 18:07:48;18;
2020-02-03 18:08:12;2020-02-03 18:08:53;41;
2020-02-03 18:09:58;2020-02-03 18:10:14;16;
2020-02-03 18:10:44;2020-02-03 18:11:19;35;
2020-02-03 18:11:38;2020-02-03 18:12:33;55;
2020-02-03 18:12:55;2020-02-03 18:13:30;35;
2020-02-03 18:13:49;2020-02-03 18:14:00;11;
2020-02-03 18:14:49;2020-02-03 18:14:55;6;
2020-02-03 18:15:14;2020-02-03 18:17:00;106;
2020-02-03 18:17:19;2020-02-03 18:17:46;27;
2020-02-03 18:18:05;2020-02-03 18:18:46;41;
2020-02-03 18:19:07;2020-02-03 18:19:16;9;
2020-02-03 18:19:37;2020-02-03 18:21:02;85;
2020-02-03 18:21:29;2020-02-03 18:21:53;24;
2020-02-03 18:22:10;2020-02-03 18:23:07;57;
2020-02-03 18:23:39;2020-02-03 18:25:28;109;
2020-02-03 18:25:50;2020-02-03 18:26:39;49;
2020-02-03 18:27:12;2020-02-03 18:27:47;35;
2020-02-03 18:28:28;2020-02-03 18:28:47;19;
2020-02-03 18:29:06;2020-02-03 18:29:08;2;
2020-02-03 18:29:30;2020-02-03 18:31:00;90;
2020-02-03 18:31:19;2020-02-03 18:32:00;41;
2020-02-03 18:32:22;2020-02-03 18:32:38;16;
2020-02-03 18:32:57;2020-02-03 18:33:13;16;
2020-02-03 18:33:30;2020-02-03 18:33:57;27;
2020-02-03 18:34:24;2020-02-03 18:35:00;36;
2020-02-03 18:35:16;2020-02-03 18:35:38;22;
2020-02-03 18:36:08;2020-02-03 18:36:48;40;
2020-02-03 18:37:10;2020-02-03 18:37:48;38;
2020-02-03 18:38:18;2020-02-03 18:39:29;71;
2020-02-03 18:39:51;2020-02-03 18:40:07;16;
2020-02-03 18:40:37;2020-02-03 18:41:01;24;
2020-02-03 18:41:23;2020-02-03 18:42:47;84;
2020-02-03 18:43:12;2020-02-03 18:44:39;87;
2020-02-03 18:45:12;2020-02-03 18:46:36;84;
2020-02-03 18:46:55;2020-02-03 18:47:00;5;
2020-02-03 18:47:19;2020-02-03 18:47:30;11;
2020-02-03 18:47:49;2020-02-03 18:48:17;28;
2020-02-03 18:48:36;2020-02-03 18:49:00;24;
2020-02-03 18:49:11;2020-02-03 18:49:14;3;
2020-02-03 18:49:49;2020-02-03 18:51:41;112;
2020-02-03 18:52:00;2020-02-03 18:53:16;76;
2020-02-03 18:53:46;2020-02-03 18:54:43;57;
2020-02-03 18:55:07;2020-02-03 18:55:48;41;
2020-02-03 18:56:15;2020-02-03 18:56:19;4;
2020-02-03 18:56:45;2020-02-03 18:57:42;57;
2020-02-03 18:58:07;2020-02-03 18:59:04;57;
2020-02-03 18:59:23;2020-02-03 19:00:12;49;
2020-02-03 19:00:31;2020-02-03 19:02:28;117;
2020-02-03 19:02:50;2020-02-03 19:04:17;87;
2020-02-03 19:04:41;2020-02-03 19:05:03;22;
2020-02-03 19:05:25;2020-02-03 19:06:25;60;
2020-02-03 19:06:46;2020-02-03 19:07:44;58;
2020-02-03 19:08:00;2020-02-03 19:08:05;5;
2020-02-03 19:08:30;2020-02-03 19:08:38;8;
2020-02-03 19:09:02;2020-02-03 19:11:10;128;
2020-02-03 19:11:35;2020-02-03 19:12:10;35;
2020-02-03 19:12:30;2020-02-03 19:14:07;97;
2020-02-03 19:14:32;2020-02-03 19:14:43;11;
2020-02-03 19:15:04;2020-02-03 19:16:21;77;
2020-02-03 19:17:18;2020-02-03 19:17:31;13;
2020-02-03 19:17:58;2020-02-03 19:18:04;6;
2020-02-03 19:18:15;2020-02-03 19:18:17;2;
2020-02-03 19:18:26;2020-02-03 19:18:34;8;
2020-02-03 19:19:01;2020-02-03 19:19:36;35;
2020-02-03 19:20:03;2020-02-03 19:20:14;11;
2020-02-03 19:20:37;2020-02-03 19:20:39;2;
2020-02-03 19:20:56;2020-02-03 19:21:11;15;
2020-02-03 19:22:17;2020-02-03 19:22:19;2;
2020-02-03 19:22:41;2020-02-03 19:22:49;8;
2020-02-03 19:23:22;2020-02-03 19:23:25;3;
2020-02-03 19:23:44;2020-02-03 19:23:58;14;
2020-02-03 19:24:17;2020-02-03 19:24:33;16;
2020-02-03 19:25:11;2020-02-03 19:25:22;11;
2020-02-03 19:26:14;2020-02-03 19:26:27;13;
2020-02-03 19:26:46;2020-02-03 19:27:13;27;
2020-02-03 19:27:49;2020-02-03 19:27:54;5;
2020-02-03 19:28:13;2020-02-03 19:28:49;36;
2020-02-03 19:29:16;2020-02-03 19:29:38;22;
2020-02-03 19:30:16;2020-02-03 19:30:59;43;
2020-02-03 19:31:43;2020-02-03 19:31:51;8;
2020-02-03 19:32:32;2020-02-03 19:33:18;46;
2020-02-03 19:33:37;2020-02-03 19:33:53;16;
2020-02-03 19:34:07;2020-02-03 19:34:10;3;
2020-02-03 19:34:12;2020-02-03 19:35:26;74;
2020-02-03 19:35:48;2020-02-03 19:35:56;8;
2020-02-03 19:36:15;2020-02-03 19:37:53;98;
2020-02-03 19:38:12;2020-02-03 19:38:58;46;
2020-02-03 19:39:33;2020-02-03 19:39:58;25;
2020-02-03 19:40:25;2020-02-03 19:40:39;14;
2020-02-03 19:40:58;2020-02-03 19:41:59;61;
2020-02-03 19:42:14;2020-02-03 19:42:19;5;
2020-02-03 19:42:25;2020-02-03 19:42:55;30;
2020-02-03 19:43:41;2020-02-03 19:44:00;19;
2020-02-03 19:44:30;2020-02-03 19:47:35;185;
2020-02-03 19:47:51;2020-02-03 19:48:32;41;
2020-02-03 19:48:46;2020-02-03 19:48:51;5;
2020-02-03 19:49:10;2020-02-03 19:49:24;14;
2020-02-03 19:49:48;2020-02-03 19:50:15;27;
2020-02-03 19:50:59;2020-02-03 19:51:53;54;
2020-02-03 19:52:18;2020-02-03 19:52:34;16;
2020-02-03 19:52:53;2020-02-03 19:53:07;14;
2020-02-03 19:53:39;2020-02-03 19:53:59;20;
2020-02-03 19:54:53;2020-02-03 19:54:58;5;
2020-02-03 19:55:07;2020-02-03 19:56:04;57;
2020-02-03 19:56:25;2020-02-03 19:58:33;128;
2020-02-03 19:58:52;2020-02-03 20:01:16;144;
2020-02-03 20:01:35;2020-02-03 20:02:08;33;
2020-02-03 20:02:30;2020-02-03 20:04:02;92;
2020-02-03 20:04:43;2020-02-03 20:05:13;30;
2020-02-03 20:05:32;2020-02-03 20:07:13;101;
2020-02-03 20:07:29;2020-02-03 20:07:35;6;
2020-02-03 20:08:18;2020-02-03 20:08:43;25;
2020-02-03 20:09:02;2020-02-03 20:09:24;22;
2020-02-03 20:10:04;2020-02-03 20:10:10;6;
2020-02-03 20:10:12;2020-02-03 20:10:23;11;
2020-02-03 20:10:51;2020-02-03 20:11:10;19;
2020-02-03 20:11:29;2020-02-03 20:11:37;8;
2020-02-03 20:12:01;2020-02-03 20:12:12;11;
2020-02-03 20:12:32;2020-02-03 20:14:39;127;
2020-02-03 20:15:01;2020-02-03 20:15:04;3;
2020-02-03 20:15:06;2020-02-03 20:17:41;155;
2020-02-03 20:17:52;2020-02-03 20:18:44;52;
2020-02-03 20:19:06;2020-02-03 20:19:17;11;
2020-02-03 20:20:16;2020-02-03 20:20:19;3;
2020-02-03 20:20:38;2020-02-03 20:21:17;39;
2020-02-03 20:21:22;2020-02-03 20:21:24;2;
2020-02-03 20:21:38;2020-02-03 20:22:16;38;
2020-02-03 20:23:00;2020-02-03 20:23:16;16;
2020-02-03 20:23:35;2020-02-03 20:25:18;103;
2020-02-03 20:25:37;2020-02-03 20:26:05;28;
2020-02-03 20:26:15;2020-02-03 20:26:18;3;
2020-02-03 20:26:37;2020-02-03 20:27:34;57;
2020-02-03 20:27:53;2020-02-03 20:29:07;74;
2020-02-03 20:29:20;2020-02-03 20:29:29;9;
2020-02-03 20:29:48;2020-02-03 20:30:34;46;
2020-02-03 20:31:23;2020-02-03 20:31:36;13;
2020-02-03 20:31:53;2020-02-03 20:32:09;16;
2020-02-03 20:32:28;2020-02-03 20:32:47;19;
2020-02-03 20:33:31;2020-02-03 20:33:39;8;
2020-02-03 20:34:03;2020-02-03 20:35:50;107;
2020-02-03 20:36:19;2020-02-03 20:37:06;47;
2020-02-03 20:37:25;2020-02-03 20:37:46;21;
2020-02-03 20:38:11;2020-02-03 20:38:37;26;
2020-02-03 20:39:46;2020-02-03 20:40:32;46;
2020-02-03 20:40:51;2020-02-03 20:41:08;17;
2020-02-03 20:41:54;2020-02-03 20:43:46;112;
2020-02-03 20:44:05;2020-02-03 20:44:26;21;
2020-02-03 20:44:54;2020-02-03 20:44:56;2;
2020-02-03 20:45:04;2020-02-03 20:45:15;11;
2020-02-03 20:46:10;2020-02-03 20:46:15;5;
2020-02-03 20:46:34;2020-02-03 20:46:37;3;
2020-02-03 20:47:07;2020-02-03 20:47:10;3;
2020-02-03 20:47:12;2020-02-03 20:47:40;28;
2020-02-03 20:47:59;2020-02-03 20:48:04;5;
2020-02-03 20:48:39;2020-02-03 20:49:23;44;
2020-02-03 20:49:53;2020-02-03 20:50:44;51;
2020-02-03 20:51:14;2020-02-03 20:52:25;71;
2020-02-03 20:52:39;2020-02-03 20:53:36;57;
2020-02-03 20:54:03;2020-02-03 20:54:41;38;
2020-02-03 20:55:33;2020-02-03 20:55:46;13;
2020-02-03 20:56:05;2020-02-03 20:56:33;28;
2020-02-03 20:56:44;2020-02-03 20:57:33;49;
2020-02-03 20:57:54;2020-02-03 20:59:05;71;
2020-02-03 20:59:21;2020-02-03 20:59:59;38;
2020-02-03 21:01:02;2020-02-03 21:01:15;13;
2020-02-03 21:02:37;2020-02-03 21:02:40;3;
2020-02-03 21:03:42;2020-02-03 21:03:48;6;
2020-02-03 21:04:07;2020-02-03 21:04:45;38;
2020-02-03 21:05:39;2020-02-03 21:05:48;9;
2020-02-03 21:06:12;2020-02-03 21:07:15;63;
2020-02-03 21:07:45;2020-02-03 21:08:01;16;
2020-02-03 21:08:31;2020-02-03 21:08:39;8;
2020-02-03 21:08:58;2020-02-03 21:09:14;16;
2020-02-03 21:09:33;2020-02-03 21:09:36;3;
2020-02-03 21:10:14;2020-02-03 21:10:28;14;
2020-02-03 21:10:47;2020-02-03 21:11:30;43;
2020-02-03 21:12:11;2020-02-03 21:15:11;180;
2020-02-03 21:15:49;2020-02-03 21:16:27;38;
2020-02-03 21:16:46;2020-02-03 21:18:02;76;
2020-02-03 21:18:27;2020-02-03 21:18:49;22;
2020-02-03 21:19:08;2020-02-03 21:21:04;116;
2020-02-03 21:21:23;2020-02-03 21:22:15;52;
2020-02-03 21:22:34;2020-02-03 21:22:37;3;
2020-02-03 21:23:10;2020-02-03 21:23:48;38;
2020-02-03 21:24:37;2020-02-03 21:25:18;41;
2020-02-03 21:26:12;2020-02-03 21:28:50;158;
2020-02-03 21:29:33;2020-02-03 21:29:41;8;
2020-02-03 21:30:00;2020-02-03 21:30:19;19;
2020-02-03 21:30:55;2020-02-03 21:31:22;27;
2020-02-03 21:31:52;2020-02-03 21:32:14;22;
2020-02-03 21:32:35;2020-02-03 21:32:44;9;
2020-02-03 21:33:03;2020-02-03 21:33:35;32;
2020-02-03 21:33:54;2020-02-03 21:34:00;6;
2020-02-03 21:34:19;2020-02-03 21:34:52;33;
2020-02-03 21:35:11;2020-02-03 21:35:19;8;
2020-02-03 21:35:38;2020-02-03 21:36:02;24;
2020-02-03 21:36:30;2020-02-03 21:36:38;8;
2020-02-03 21:37:00;2020-02-03 21:37:54;54;
2020-02-03 21:38:16;2020-02-03 21:38:22;6;
2020-02-03 21:38:54;2020-02-03 21:39:37;43;
2020-02-03 21:39:56;2020-02-03 21:40:15;19;
2020-02-03 21:40:34;2020-02-03 21:40:51;17;
2020-02-03 21:41:37;2020-02-03 21:41:40;3;
2020-02-03 21:42:09;2020-02-03 21:42:34;25;
2020-02-03 21:43:31;2020-02-03 21:43:39;8;
2020-02-03 21:44:36;2020-02-03 21:44:42;6;
2020-02-03 21:45:17;2020-02-03 21:45:47;30;
2020-02-03 21:46:06;2020-02-03 21:46:31;25;
2020-02-03 21:47:12;2020-02-03 21:47:33;21;
2020-02-03 21:47:58;2020-02-03 21:48:01;3;
2020-02-03 21:48:31;2020-02-03 21:49:06;35;
2020-02-03 21:49:44;2020-02-03 21:49:52;8;
2020-02-03 21:50:41;2020-02-03 21:51:46;65;
2020-02-03 21:52:05;2020-02-03 21:53:19;74;
2020-02-03 21:53:38;2020-02-03 21:53:47;9;
2020-02-03 21:54:11;2020-02-03 21:54:41;30;
2020-02-03 21:55:00;2020-02-03 21:56:27;87;
2020-02-03 21:56:46;2020-02-03 21:57:02;16;
2020-02-03 21:57:21;2020-02-03 21:58:26;65;
2020-02-03 21:58:48;2020-02-03 21:59:13;25;
2020-02-03 21:59:59;2020-02-03 22:00:02;3;
2020-02-03 22:00:42;2020-02-03 22:00:56;14;
2020-02-03 22:01:26;2020-02-03 22:01:48;22;
2020-02-03 22:02:07;2020-02-03 22:04:07;120;
2020-02-03 22:04:26;2020-02-03 22:05:58;92;
2020-02-03 22:06:20;2020-02-03 22:06:23;3;
2020-02-03 22:06:44;2020-02-03 22:07:28;44;
2020-02-03 22:08:25;2020-02-03 22:08:41;16;
2020-02-03 22:09:06;2020-02-03 22:09:19;13;
2020-02-03 22:09:38;2020-02-03 22:10:03;25;
2020-02-03 22:10:19;2020-02-03 22:10:44;25;
2020-02-03 22:11:03;2020-02-03 22:15:16;253;
2020-02-03 22:15:35;2020-02-03 22:18:48;193;
2020-02-03 22:19:07;2020-02-03 22:24:09;302;
2020-02-03 22:24:28;2020-02-03 22:25:14;46;
2020-02-03 22:25:33;2020-02-03 22:26:50;77;
2020-02-03 22:27:09;2020-02-03 22:27:28;19;
2020-02-03 22:27:44;2020-02-03 22:29:27;103;
2020-02-03 22:29:46;2020-02-03 22:30:19;33;
2020-02-03 22:30:38;2020-02-03 22:32:02;84;
2020-02-03 22:32:21;2020-02-03 22:34:16;115;
2020-02-03 22:34:35;2020-02-03 22:36:24;109;
2020-02-03 22:36:43;2020-02-03 22:37:29;46;
2020-02-03 22:38:18;2020-02-03 22:38:56;38;
2020-02-03 22:39:39;2020-02-03 22:39:48;9;
2020-02-03 22:40:07;2020-02-03 22:41:06;59;
2020-02-03 22:41:25;2020-02-03 22:41:53;28;
2020-02-03 22:42:20;2020-02-03 22:42:28;8;
2020-02-03 22:42:47;2020-02-03 22:43:12;25;
2020-02-03 22:43:50;2020-02-03 22:45:58;128;
2020-02-03 22:46:33;2020-02-03 22:47:27;54;
2020-02-03 22:47:46;2020-02-03 22:53:18;332;
2020-02-03 22:53:37;2020-02-03 22:54:32;55;
2020-02-03 22:54:51;2020-02-03 22:55:10;19;
2020-02-03 22:55:29;2020-02-03 22:55:43;14;
2020-02-03 22:56:21;2020-02-03 22:56:26;5;
2020-02-03 22:56:45;2020-02-03 22:57:07;22;
2020-02-03 22:57:26;2020-02-03 22:58:47;81;
2020-02-03 22:59:07;2020-02-03 23:00:39;92;
2020-02-03 23:02:01;2020-02-03 23:02:39;38;
2020-02-03 23:02:58;2020-02-03 23:04:09;71;
2020-02-03 23:04:28;2020-02-03 23:04:36;8;
2020-02-03 23:04:55;2020-02-03 23:06:38;103;
2020-02-03 23:06:57;2020-02-03 23:07:30;33;
2020-02-03 23:07:54;2020-02-03 23:08:54;60;
2020-02-03 23:09:13;2020-02-03 23:09:24;11;
2020-02-03 23:09:43;2020-02-03 23:11:24;101;
2020-02-03 23:11:43;2020-02-03 23:12:32;49;
2020-02-03 23:12:56;2020-02-03 23:13:05;9;
2020-02-03 23:13:26;2020-02-03 23:13:32;6;
2020-02-03 23:14:10;2020-02-03 23:14:34;24;
2020-02-03 23:14:54;2020-02-03 23:16:45;111;
2020-02-03 23:17:03;2020-02-03 23:19:50;167;
2020-02-03 23:20:09;2020-02-03 23:22:09;120;
2020-02-03 23:22:28;2020-02-03 23:23:15;47;
2020-02-03 23:23:52;2020-02-03 23:23:55;3;
2020-02-03 23:24:14;2020-02-03 23:25:36;82;
2020-02-03 23:25:55;2020-02-03 23:26:25;30;
2020-02-03 23:26:44;2020-02-03 23:28:16;92;
2020-02-03 23:28:35;2020-02-03 23:28:57;22;
2020-02-03 23:29:16;2020-02-03 23:37:50;514;
2020-02-03 23:38:23;2020-02-03 23:38:37;14;
2020-02-03 23:38:56;2020-02-03 23:42:11;195;
2020-02-03 23:42:44;2020-02-03 23:43:09;25;
2020-02-03 23:43:28;2020-02-03 23:44:08;40;
2020-02-03 23:44:38;2020-02-03 23:45:33;55;
2020-02-03 23:45:52;2020-02-03 23:47:30;98;
2020-02-03 23:48:11;2020-02-03 23:48:46;35;
2020-02-03 23:49:19;2020-02-03 23:49:40;21;
2020-02-03 23:49:59;2020-02-03 23:50:05;6;
2020-02-03 23:50:29;2020-02-03 23:51:05;36;
2020-02-03 23:51:26;2020-02-03 23:51:35;9;
2020-02-03 23:51:54;2020-02-03 23:52:37;43;
2020-02-03 23:52:53;2020-02-03 23:53:32;39;
2020-02-03 23:53:51;2020-02-03 23:54:40;49;
2020-02-03 23:54:59;2020-02-03 23:56:31;92;
2020-02-03 23:56:50;2020-02-03 23:57:37;47;
2020-02-03 23:57:58;2020-02-03 23:59:01;63;
2020-02-03 23:59:20;2020-02-04 00:00:01;41;
2020-02-04 00:00:20;2020-02-04 00:00:33;13;
2020-02-04 00:00:52;2020-02-04 00:02:39;107;
2020-02-04 00:02:58;2020-02-04 00:04:06;68;
2020-02-04 00:04:22;2020-02-04 00:04:38;16;
2020-02-04 00:04:58;2020-02-04 00:05:33;35;
2020-02-04 00:05:52;2020-02-04 00:06:36;44;
2020-02-04 00:06:55;2020-02-04 00:07:27;32;
2020-02-04 00:07:46;2020-02-04 00:12:43;297;
2020-02-04 00:13:02;2020-02-04 00:15:42;160;
2020-02-04 00:16:01;2020-02-04 00:21:36;335;
2020-02-04 00:21:55;2020-02-04 00:22:19;24;
2020-02-04 00:23:08;2020-02-04 00:23:19;11;
2020-02-04 00:23:38;2020-02-04 00:31:18;460;
2020-02-04 00:31:37;2020-02-04 00:39:39;482;
2020-02-04 00:39:58;2020-02-04 00:45:02;304;
2020-02-04 00:45:21;2020-02-04 00:47:02;101;
2020-02-04 00:47:29;2020-02-04 00:49:59;150;
2020-02-04 00:50:18;2020-02-04 00:51:56;98;
2020-02-04 00:52:12;2020-02-04 00:52:58;46;
2020-02-04 00:53:28;2020-02-04 00:59:52;384;
2020-02-04 01:00:30;2020-02-04 01:05:13;283;
2020-02-04 01:05:32;2020-02-04 01:06:32;60;
2020-02-04 01:07:04;2020-02-04 01:10:53;229;
2020-02-04 01:11:09;2020-02-04 01:13:33;144;
2020-02-04 01:13:52;2020-02-04 01:15:11;79;
2020-02-04 01:15:30;2020-02-04 01:18:02;152;
2020-02-04 01:18:22;2020-02-04 01:23:02;280;
2020-02-04 01:23:23;2020-02-04 01:24:34;71;
2020-02-04 01:25:12;2020-02-04 01:26:53;101;
2020-02-04 01:27:12;2020-02-04 01:28:20;68;
2020-02-04 01:28:44;2020-02-04 01:29:47;63;
2020-02-04 01:30:11;2020-02-04 01:31:06;55;
2020-02-04 01:31:25;2020-02-04 01:31:41;16;
2020-02-04 01:32:00;2020-02-04 01:45:12;792;
2020-02-04 01:45:31;2020-02-04 01:49:05;214;
2020-02-04 01:49:24;2020-02-04 01:50:32;68;
2020-02-04 01:50:51;2020-02-04 01:55:24;273;
2020-02-04 01:55:56;2020-02-04 01:56:45;49;
2020-02-04 01:57:04;2020-02-04 01:57:43;39;
2020-02-04 01:58:02;2020-02-04 02:00:21;139;
2020-02-04 02:00:40;2020-02-04 02:01:10;30;
2020-02-04 02:01:29;2020-02-04 02:02:10;41;
2020-02-04 02:02:26;2020-02-04 02:02:59;33;
2020-02-04 02:03:16;2020-02-04 02:03:24;8;
2020-02-04 02:03:43;2020-02-04 02:03:59;16;
2020-02-04 02:04:18;2020-02-04 02:05:43;85;
2020-02-04 02:06:10;2020-02-04 02:06:51;41;
2020-02-04 02:07:12;2020-02-04 02:07:40;28;
2020-02-04 02:07:59;2020-02-04 02:09:04;65;
2020-02-04 02:09:23;2020-02-04 02:12:55;212;
2020-02-04 02:13:14;2020-02-04 02:14:49;95;
2020-02-04 02:15:06;2020-02-04 02:16:08;62;
2020-02-04 02:17:22;2020-02-04 02:18:00;38;
2020-02-04 02:18:32;2020-02-04 02:19:21;49;
2020-02-04 02:19:40;2020-02-04 02:19:46;6;
2020-02-04 02:20:05;2020-02-04 02:20:07;2;
2020-02-04 02:20:27;2020-02-04 02:21:26;59;
2020-02-04 02:21:54;2020-02-04 02:22:10;16;
2020-02-04 02:22:29;2020-02-04 02:22:34;5;
2020-02-04 02:23:53;2020-02-04 02:24:12;19;
2020-02-04 02:24:37;2020-02-04 02:24:59;22;
2020-02-04 02:25:37;2020-02-04 02:25:42;5;
2020-02-04 02:29:42;2020-02-04 02:29:58;16;
2020-02-04 02:30:26;2020-02-04 02:30:52;26;
2020-02-04 02:31:11;2020-02-04 02:31:14;3;
2020-02-04 02:33:06;2020-02-04 02:33:08;2;
2020-02-04 02:33:46;2020-02-04 02:33:49;3;
2020-02-04 02:35:22;2020-02-04 02:35:24;2;
2020-02-04 02:44:23;2020-02-04 02:44:50;27;
2020-02-04 02:47:52;2020-02-04 02:47:58;6;
2020-02-04 02:50:46;2020-02-04 02:50:55;9;
2020-02-04 02:55:01;2020-02-04 02:55:16;15;
2020-02-04 02:56:35;2020-02-04 02:56:54;19;
2020-02-04 03:14:56;2020-02-04 03:15:01;5;
2020-02-04 03:23:49;2020-02-04 03:23:56;7;
2020-02-04 03:25:38;2020-02-04 03:25:46;8;
2020-02-04 03:27:16;2020-02-04 03:27:19;3;
2020-02-04 03:29:32;2020-02-04 03:29:48;16;
2020-02-04 03:30:07;2020-02-04 03:30:23;16;
2020-02-04 03:32:56;2020-02-04 03:33:04;8;
2020-02-04 03:34:45;2020-02-04 03:34:55;10;
2020-02-04 04:06:29;2020-02-04 04:06:34;5;
2020-02-04 04:08:26;2020-02-04 04:08:28;2;
2020-02-04 06:10:24;2020-02-04 06:10:35;11;
2020-02-04 06:11:15;2020-02-04 06:11:34;19;
2020-02-04 06:12:07;2020-02-04 06:12:12;5;
2020-02-04 06:12:50;2020-02-04 06:13:04;14;
2020-02-04 06:14:37;2020-02-04 06:16:47;130;
2020-02-04 06:17:58;2020-02-04 06:18:01;3;
2020-02-04 06:18:22;2020-02-04 06:18:25;3;
2020-02-04 06:18:44;2020-02-04 06:18:47;3;
2020-02-04 06:19:52;2020-02-04 06:20:35;43;
2020-02-04 06:21:46;2020-02-04 06:22:08;22;
2020-02-04 06:27:21;2020-02-04 06:27:23;2;
2020-02-04 06:31:12;2020-02-04 06:31:14;2;
2020-02-04 06:34:19;2020-02-04 06:34:22;3;
2020-02-04 06:36:35;2020-02-04 06:36:52;17;
2020-02-04 06:38:19;2020-02-04 06:39:37;78;
2020-02-04 06:41:53;2020-02-04 06:41:59;6;
2020-02-04 06:44:20;2020-02-04 06:44:26;6;
2020-02-04 06:49:17;2020-02-04 06:49:19;2;
2020-02-04 06:50:11;2020-02-04 06:50:14;3;
2020-02-04 06:51:33;2020-02-04 06:51:46;13;
2020-02-04 06:53:40;2020-02-04 06:53:57;17;
2020-02-04 06:55:13;2020-02-04 06:55:26;13;
2020-02-04 06:55:51;2020-02-04 06:55:56;5;
2020-02-04 06:58:42;2020-02-04 06:58:56;14;
2020-02-04 07:00:34;2020-02-04 07:00:36;2;
2020-02-04 07:06:44;2020-02-04 07:07:00;16;
2020-02-04 07:07:46;2020-02-04 07:07:54;8;
2020-02-04 07:08:51;2020-02-04 07:09:00;9;
2020-02-04 07:09:19;2020-02-04 07:09:46;27;
2020-02-04 07:11:37;2020-02-04 07:11:54;17;
2020-02-04 07:14:42;2020-02-04 07:15:07;25;
2020-02-04 07:16:04;2020-02-04 07:16:37;33;
2020-02-04 07:16:56;2020-02-04 07:17:01;5;
2020-02-04 07:19:20;2020-02-04 07:19:41;21;
2020-02-04 07:21:16;2020-02-04 07:22:22;66;
2020-02-04 07:23:08;2020-02-04 07:23:11;3;
2020-02-04 07:26:08;2020-02-04 07:26:16;8;
2020-02-04 07:37:44;2020-02-04 07:37:52;8;
2020-02-04 07:39:21;2020-02-04 07:39:27;6;
2020-02-04 09:59:39;2020-02-04 09:59:45;6;
2020-02-04 10:02:25;2020-02-04 10:02:34;9;
2020-02-04 10:09:54;2020-02-04 10:10:00;6;
2020-02-04 10:11:18;2020-02-04 10:11:35;17;
2020-02-04 10:14:04;2020-02-04 10:15:02;58;
2020-02-04 10:15:42;2020-02-04 10:16:04;22;
2020-02-04 10:16:56;2020-02-04 10:17:09;13;
2020-02-04 10:17:58;2020-02-04 10:18:09;11;
2020-02-04 10:19:04;2020-02-04 10:19:36;32;
2020-02-04 10:19:58;2020-02-04 10:20:03;5;
2020-02-04 10:21:33;2020-02-04 10:21:49;16;
2020-02-04 10:23:30;2020-02-04 10:24:00;30;
2020-02-04 10:25:15;2020-02-04 10:25:19;4;
2020-02-04 10:25:49;2020-02-04 10:25:52;3;
2020-02-04 10:27:02;2020-02-04 10:27:05;3;
2020-02-04 10:27:27;2020-02-04 10:27:30;3;
2020-02-04 10:27:49;2020-02-04 10:27:57;8;
2020-02-04 10:28:35;2020-02-04 10:28:48;13;
2020-02-04 10:29:13;2020-02-04 10:29:37;24;
2020-02-04 10:30:23;2020-02-04 10:30:34;11;
2020-02-04 10:33:01;2020-02-04 10:33:09;8;
2020-02-04 10:33:42;2020-02-04 10:33:58;16;
2020-02-04 10:47:45;2020-02-04 10:47:48;3;
2020-02-04 10:50:53;2020-02-04 10:50:56;3;
2020-02-04 10:56:00;2020-02-04 10:56:14;14;
2020-02-04 11:03:45;2020-02-04 11:03:48;3;
2020-02-04 11:04:56;2020-02-04 11:04:59;3;
2020-02-04 11:05:23;2020-02-04 11:05:32;9;
2020-02-04 11:09:15;2020-02-04 11:09:17;2;
2020-02-04 11:11:03;2020-02-04 11:11:06;3;
2020-02-04 11:13:44;2020-02-04 11:13:46;2;
2020-02-04 11:14:22;2020-02-04 11:14:25;3;
2020-02-04 11:17:59;2020-02-04 11:18:02;3;
2020-02-04 11:21:45;2020-02-04 11:21:51;6;
2020-02-04 11:22:45;2020-02-04 11:22:53;8;
2020-02-04 11:34:35;2020-02-04 11:34:46;11;
2020-02-04 11:41:42;2020-02-04 11:41:44;2;
2020-02-04 11:43:31;2020-02-04 11:43:39;8;
2020-02-04 11:45:28;2020-02-04 11:45:30;2;
2020-02-04 11:46:17;2020-02-04 11:46:41;24;
2020-02-04 11:47:33;2020-02-04 11:47:41;8;
2020-02-04 11:48:14;2020-02-04 11:48:24;10;
2020-02-04 11:48:43;2020-02-04 11:50:08;85;
2020-02-04 11:50:13;2020-02-04 11:50:19;6;
2020-02-04 11:50:46;2020-02-04 11:51:08;22;
2020-02-04 11:51:27;2020-02-04 11:51:40;13;
2020-02-04 11:51:56;2020-02-04 11:52:30;34;
2020-02-04 11:53:26;2020-02-04 11:53:40;14;
2020-02-04 11:53:48;2020-02-04 11:54:02;14;
2020-02-04 11:54:34;2020-02-04 11:54:40;6;
2020-02-04 11:55:04;2020-02-04 11:55:10;6;
2020-02-04 11:55:35;2020-02-04 11:56:42;67;
2020-02-04 11:58:55;2020-02-04 11:59:01;6;
2020-02-04 12:00:09;2020-02-04 12:00:14;5;
2020-02-04 12:00:44;2020-02-04 12:01:28;44;
2020-02-04 12:02:36;2020-02-04 12:02:44;8;
2020-02-04 12:05:08;2020-02-04 12:05:15;7;
2020-02-04 12:06:08;2020-02-04 12:06:13;5;
2020-02-04 12:06:57;2020-02-04 12:07:00;3;
2020-02-04 12:11:31;2020-02-04 12:11:42;11;
2020-02-04 12:14:50;2020-02-04 12:14:53;3;
2020-02-04 12:16:01;2020-02-04 12:16:09;8;
2020-02-04 12:17:47;2020-02-04 12:17:49;2;
2020-02-04 12:19:27;2020-02-04 12:19:54;27;
2020-02-04 12:23:16;2020-02-04 12:23:24;8;
2020-02-04 12:31:20;2020-02-04 12:31:44;24;
2020-02-04 12:34:36;2020-02-04 12:34:39;3;
2020-02-04 12:36:17;2020-02-04 12:36:22;5;
2020-02-04 12:36:25;2020-02-04 12:36:30;5;
2020-02-04 12:37:57;2020-02-04 12:38:03;6;
2020-02-04 12:38:16;2020-02-04 12:38:19;3;
2020-02-04 12:40:10;2020-02-04 12:40:16;6;
2020-02-04 12:40:43;2020-02-04 12:40:46;3;
2020-02-04 12:46:12;2020-02-04 12:46:26;14;
2020-02-04 12:49:31;2020-02-04 12:49:39;8;
2020-02-04 12:54:46;2020-02-04 12:55:11;25;
2020-02-04 13:00:50;2020-02-04 13:00:59;9;
2020-02-04 13:02:42;2020-02-04 13:02:56;14;
2020-02-04 13:18:28;2020-02-04 13:18:31;3;
2020-02-04 13:20:06;2020-02-04 13:20:09;3;
2020-02-04 13:21:09;2020-02-04 13:21:14;5;
2020-02-04 13:21:39;2020-02-04 13:21:42;3;
2020-02-04 13:28:05;2020-02-04 13:28:11;6;
2020-02-04 13:35:28;2020-02-04 13:35:37;9;
2020-02-04 13:45:00;2020-02-04 13:45:05;5;
2020-02-04 13:48:34;2020-02-04 13:48:43;9;
2020-02-04 13:54:58;2020-02-04 13:55:01;3;
2020-02-04 14:05:45;2020-02-04 14:05:48;3;
2020-02-04 14:15:25;2020-02-04 14:15:36;11;
2020-02-04 14:22:40;2020-02-04 14:22:43;3;
2020-02-04 14:24:56;2020-02-04 14:25:10;14;
2020-02-04 14:32:27;2020-02-04 14:32:36;9;
2020-02-04 14:34:08;2020-02-04 14:34:22;14;
2020-02-04 14:39:40;2020-02-04 14:39:45;5;
2020-02-04 14:42:12;2020-02-04 14:42:15;3;
2020-02-04 14:44:15;2020-02-04 14:44:23;8;
2020-02-04 14:47:31;2020-02-04 14:47:33;2;
2020-02-04 14:53:30;2020-02-04 14:53:41;11;
2020-02-04 14:54:38;2020-02-04 14:54:40;2;
2020-02-04 14:58:05;2020-02-04 14:58:10;5;
2020-02-04 15:07:14;2020-02-04 15:07:28;14;
2020-02-04 15:08:19;2020-02-04 15:08:28;9;
2020-02-04 15:20:18;2020-02-04 15:20:37;19;
2020-02-04 15:23:42;2020-02-04 15:23:45;3;
2020-02-04 15:24:14;2020-02-04 15:24:20;6;
2020-02-04 15:25:36;2020-02-04 15:25:42;6;
2020-02-04 15:26:41;2020-02-04 15:26:47;6;
2020-02-04 15:27:39;2020-02-04 15:27:44;5;
2020-02-04 15:30:41;2020-02-04 15:30:43;2;
2020-02-04 15:32:51;2020-02-04 15:33:10;19;
2020-02-04 15:34:32;2020-02-04 15:34:37;5;
2020-02-04 15:35:10;2020-02-04 15:35:13;3;
2020-02-04 15:37:13;2020-02-04 15:37:15;2;
2020-02-04 17:36:36;2020-02-04 17:36:42;6;
2020-02-04 18:20:20;2020-02-04 18:20:34;14;
2020-02-04 18:22:58;2020-02-04 18:23:00;2;
2020-02-04 18:54:19;2020-02-04 18:54:22;3;
2020-02-05 08:26:41;2020-02-05 08:26:43;2;
2020-02-05 08:36:01;2020-02-05 08:36:04;3;
2020-02-05 16:23:29;2020-02-05 16:23:38;9;
2020-02-05 17:15:39;2020-02-05 17:16:01;22;
2020-02-05 17:19:57;2020-02-05 17:20:08;11;
2020-02-05 17:32:03;2020-02-05 17:32:09;6;
2020-02-05 17:51:49;2020-02-05 17:52:11;22;
2020-02-05 17:52:30;2020-02-05 17:52:46;16;
2020-02-05 17:54:19;2020-02-05 17:55:24;65;
2020-02-05 17:56:07;2020-02-05 17:56:43;36;
2020-02-05 17:58:31;2020-02-05 17:58:40;9;
2020-02-05 18:00:31;2020-02-05 18:00:34;3;
2020-02-05 18:02:09;2020-02-05 18:02:20;11;
2020-02-05 18:02:39;2020-02-05 18:02:47;8;
2020-02-05 18:03:20;2020-02-05 18:03:30;10;
2020-02-05 18:03:49;2020-02-05 18:04:14;25;
2020-02-05 18:04:33;2020-02-05 18:04:55;22;
2020-02-05 18:05:33;2020-02-05 18:05:44;11;
2020-02-05 18:06:14;2020-02-05 18:06:46;32;
2020-02-05 18:07:38;2020-02-05 18:07:52;14;
2020-02-05 18:09:16;2020-02-05 18:09:27;11;
2020-02-05 18:09:54;2020-02-05 18:10:21;27;
2020-02-05 18:11:02;2020-02-05 18:11:04;2;
2020-02-05 18:11:23;2020-02-05 18:11:48;25;
2020-02-05 18:12:07;2020-02-05 18:12:10;3;
2020-02-05 18:12:50;2020-02-05 18:13:07;17;
2020-02-05 18:14:07;2020-02-05 18:14:47;40;
2020-02-05 18:15:15;2020-02-05 18:15:25;10;
2020-02-05 18:16:12;2020-02-05 18:16:14;2;
2020-02-05 18:16:39;2020-02-05 18:16:50;11;
2020-02-05 18:17:09;2020-02-05 18:19:46;157;
2020-02-05 18:20:13;2020-02-05 18:20:38;25;
2020-02-05 18:21:00;2020-02-05 18:21:27;27;
2020-02-05 18:21:46;2020-02-05 18:22:32;46;
2020-02-05 18:22:54;2020-02-05 18:23:27;33;
2020-02-05 18:26:29;2020-02-05 18:26:59;30;
2020-02-05 18:27:20;2020-02-05 18:27:29;9;
2020-02-05 18:28:20;2020-02-05 18:28:56;36;
2020-02-05 18:29:15;2020-02-05 18:29:20;5;
2020-02-05 18:29:39;2020-02-05 18:30:20;41;
2020-02-05 18:30:41;2020-02-05 18:31:41;60;
2020-02-05 18:33:00;2020-02-05 18:33:52;52;
2020-02-05 18:35:03;2020-02-05 18:35:35;32;
2020-02-05 18:36:30;2020-02-05 18:36:40;10;
2020-02-05 18:37:13;2020-02-05 18:37:16;3;
2020-02-05 18:37:48;2020-02-05 18:38:13;25;
2020-02-05 18:39:21;2020-02-05 18:39:45;24;
2020-02-05 18:41:20;2020-02-05 18:41:26;6;
2020-02-05 18:41:48;2020-02-05 18:42:04;16;
2020-02-05 18:42:23;2020-02-05 18:42:36;13;
2020-02-05 18:43:12;2020-02-05 18:44:47;95;
2020-02-05 18:45:47;2020-02-05 18:46:55;68;
2020-02-05 18:47:33;2020-02-05 18:47:52;19;
2020-02-05 18:48:08;2020-02-05 18:48:36;28;
2020-02-05 18:48:55;2020-02-05 18:48:57;2;
2020-02-05 18:49:43;2020-02-05 18:50:08;25;
2020-02-05 18:50:27;2020-02-05 18:51:43;76;
2020-02-05 18:52:02;2020-02-05 18:52:08;6;
2020-02-05 18:52:43;2020-02-05 18:53:16;33;
2020-02-05 18:53:46;2020-02-05 18:54:32;46;
2020-02-05 18:54:51;2020-02-05 18:55:21;30;
2020-02-05 18:55:40;2020-02-05 18:56:02;22;
2020-02-05 18:56:23;2020-02-05 18:56:29;6;
2020-02-05 18:56:53;2020-02-05 18:57:01;8;
2020-02-05 18:58:15;2020-02-05 18:58:26;11;
2020-02-05 18:59:23;2020-02-05 18:59:42;19;
2020-02-05 19:00:14;2020-02-05 19:00:22;8;
2020-02-05 19:00:41;2020-02-05 19:01:11;30;
2020-02-05 19:01:30;2020-02-05 19:01:44;14;
2020-02-05 19:02:19;2020-02-05 19:02:22;3;
2020-02-05 19:03:08;2020-02-05 19:03:49;41;
2020-02-05 19:04:16;2020-02-05 19:05:05;49;
2020-02-05 19:05:24;2020-02-05 19:05:27;3;
2020-02-05 19:05:52;2020-02-05 19:05:54;2;
2020-02-05 19:06:19;2020-02-05 19:06:22;3;
2020-02-05 19:06:41;2020-02-05 19:06:49;8;
2020-02-05 19:07:30;2020-02-05 19:07:35;5;
2020-02-05 19:08:21;2020-02-05 19:09:18;57;
2020-02-05 19:09:37;2020-02-05 19:10:51;74;
2020-02-05 19:11:10;2020-02-05 19:11:53;43;
2020-02-05 19:12:42;2020-02-05 19:13:15;33;
2020-02-05 19:14:15;2020-02-05 19:15:42;87;
2020-02-05 19:16:09;2020-02-05 19:16:17;8;
2020-02-05 19:16:42;2020-02-05 19:17:06;24;
2020-02-05 19:17:47;2020-02-05 19:18:03;16;
2020-02-05 19:18:58;2020-02-05 19:19:08;10;
2020-02-05 19:19:27;2020-02-05 19:19:31;4;
2020-02-05 19:19:49;2020-02-05 19:19:55;6;
2020-02-05 19:20:14;2020-02-05 19:21:08;54;
2020-02-05 19:21:35;2020-02-05 19:22:16;41;
2020-02-05 19:22:49;2020-02-05 19:23:38;49;
2020-02-05 19:23:57;2020-02-05 19:24:10;13;
2020-02-05 19:24:32;2020-02-05 19:24:37;5;
2020-02-05 19:24:59;2020-02-05 19:25:37;38;
2020-02-05 19:26:43;2020-02-05 19:27:48;65;
2020-02-05 19:28:31;2020-02-05 19:29:15;44;
2020-02-05 19:30:25;2020-02-05 19:30:53;28;
2020-02-05 19:31:47;2020-02-05 19:31:52;5;
2020-02-05 19:32:33;2020-02-05 19:33:06;33;
2020-02-05 19:34:03;2020-02-05 19:34:08;5;
2020-02-05 19:34:28;2020-02-05 19:34:38;10;
2020-02-05 19:35:08;2020-02-05 19:37:16;128;
2020-02-05 19:37:35;2020-02-05 19:37:46;11;
2020-02-05 19:39:29;2020-02-05 19:40:51;82;
2020-02-05 19:41:32;2020-02-05 19:41:40;8;
2020-02-05 19:42:04;2020-02-05 19:42:10;6;
2020-02-05 19:42:34;2020-02-05 19:42:59;25;
2020-02-05 19:44:18;2020-02-05 19:44:31;13;
2020-02-05 19:46:28;2020-02-05 19:46:34;6;
2020-02-05 19:47:12;2020-02-05 19:47:33;21;
2020-02-05 19:48:17;2020-02-05 19:48:19;2;
2020-02-05 19:49:44;2020-02-05 19:49:49;5;
2020-02-05 19:50:38;2020-02-05 19:51:22;44;
2020-02-05 19:54:07;2020-02-05 19:54:16;9;
2020-02-05 19:55:07;2020-02-05 19:55:13;6;
2020-02-05 19:56:23;2020-02-05 19:56:29;6;
2020-02-05 19:56:48;2020-02-05 19:56:51;3;
2020-02-05 19:59:01;2020-02-05 19:59:09;8;
2020-02-05 20:00:33;2020-02-05 20:01:11;38;
2020-02-05 20:03:19;2020-02-05 20:03:36;17;
2020-02-05 20:04:05;2020-02-05 20:04:25;20;
2020-02-05 20:06:16;2020-02-05 20:06:19;3;
2020-02-05 20:08:24;2020-02-05 20:08:32;8;
2020-02-05 20:11:07;2020-02-05 20:11:10;3;
2020-02-05 20:11:58;2020-02-05 20:12:01;3;
2020-02-05 20:14:01;2020-02-05 20:14:09;8;
2020-02-05 20:14:28;2020-02-05 20:14:31;3;
2020-02-05 20:15:25;2020-02-05 20:15:44;19;
2020-02-05 20:24:24;2020-02-05 20:24:32;8;
2020-02-05 20:28:42;2020-02-05 20:28:47;5;
2020-02-05 20:34:49;2020-02-05 20:35:08;19;
2020-02-05 20:37:13;2020-02-05 20:37:35;22;
2020-02-05 20:38:24;2020-02-05 20:38:29;5;
2020-02-05 20:39:29;2020-02-05 20:39:37;8;
2020-02-05 20:51:15;2020-02-05 20:51:17;2;
2020-02-05 20:54:42;2020-02-05 20:55:01;19;
2020-02-05 20:55:56;2020-02-05 20:56:23;27;
2020-02-05 20:57:15;2020-02-05 20:57:25;10;
2020-02-05 20:57:44;2020-02-05 20:57:50;6;
2020-02-05 21:03:35;2020-02-05 21:03:49;14;
2020-02-05 21:13:11;2020-02-05 21:13:20;9;
2020-02-05 21:16:05;2020-02-05 21:16:11;6;
2020-02-05 21:22:13;2020-02-05 21:22:18;5;
2020-02-05 21:23:31;2020-02-05 21:24:29;58;
2020-02-05 21:25:09;2020-02-05 21:25:15;6;
2020-02-05 21:27:17;2020-02-05 21:27:25;8;
2020-02-05 21:28:20;2020-02-05 21:28:36;16;
2020-02-05 21:28:58;2020-02-05 21:29:09;11;
2020-02-05 21:33:08;2020-02-05 21:33:10;2;
2020-02-05 21:47:54;2020-02-05 21:48:43;49;
2020-02-05 21:50:07;2020-02-05 21:50:45;38;
2020-02-05 21:51:24;2020-02-05 21:51:40;16;
2020-02-05 21:52:37;2020-02-05 21:53:12;35;
2020-02-05 21:54:37;2020-02-05 21:55:04;27;
2020-02-05 21:55:28;2020-02-05 21:55:42;14;
2020-02-05 21:56:08;2020-02-05 21:56:20;12;
2020-02-05 21:56:55;2020-02-05 21:57:04;9;
2020-02-05 21:57:28;2020-02-05 21:57:31;3;
2020-02-05 21:58:39;2020-02-05 21:58:50;11;
2020-02-05 21:59:25;2020-02-05 21:59:30;5;
2020-02-05 21:59:47;2020-02-05 21:59:52;5;
2020-02-05 22:01:41;2020-02-05 22:01:54;13;
2020-02-05 22:03:21;2020-02-05 22:03:41;20;
2020-02-05 22:04:00;2020-02-05 22:04:32;32;
2020-02-05 22:05:13;2020-02-05 22:05:24;11;
2020-02-05 22:06:10;2020-02-05 22:06:32;22;
2020-02-05 22:08:34;2020-02-05 22:08:45;11;
2020-02-05 22:10:39;2020-02-05 22:10:45;6;
2020-02-05 22:15:50;2020-02-05 22:16:00;10;
2020-02-05 22:17:11;2020-02-05 22:17:22;11;
2020-02-05 22:17:38;2020-02-05 22:17:44;6;
2020-02-05 22:19:03;2020-02-05 22:19:11;8;
2020-02-05 22:21:02;2020-02-05 22:21:08;6;
2020-02-05 22:23:02;2020-02-05 22:23:24;22;
2020-02-05 22:26:18;2020-02-05 22:26:20;2;
2020-02-05 22:28:15;2020-02-05 22:29:12;57;
2020-02-05 22:29:50;2020-02-05 22:29:52;2;
2020-02-05 22:30:33;2020-02-05 22:30:55;22;
2020-02-05 22:31:17;2020-02-05 22:31:33;16;
2020-02-05 22:31:52;2020-02-05 22:32:11;19;
2020-02-05 22:32:30;2020-02-05 22:32:38;8;
2020-02-05 22:33:03;2020-02-05 22:33:05;2;
2020-02-05 22:33:25;2020-02-05 22:33:35;10;
2020-02-05 22:34:22;2020-02-05 22:34:41;19;
2020-02-05 22:35:32;2020-02-05 22:36:05;33;
2020-02-05 22:37:13;2020-02-05 22:37:32;19;
2020-02-05 22:38:16;2020-02-05 22:38:37;21;
2020-02-05 22:39:21;2020-02-05 22:39:48;27;
2020-02-05 22:41:04;2020-02-05 22:41:09;5;
2020-02-05 22:42:09;2020-02-05 22:42:15;6;
2020-02-05 22:43:34;2020-02-05 22:43:42;8;
2020-02-05 22:45:09;2020-02-05 22:45:17;8;
2020-02-05 22:46:01;2020-02-05 22:46:39;38;
2020-02-05 22:46:58;2020-02-05 22:47:06;8;
2020-02-05 22:48:17;2020-02-05 22:48:22;5;
2020-02-05 22:49:24;2020-02-05 22:49:27;3;
2020-02-05 22:49:52;2020-02-05 22:50:00;8;
2020-02-05 22:50:24;2020-02-05 22:50:30;6;
2020-02-05 22:51:35;2020-02-05 22:51:38;3;
2020-02-05 22:52:37;2020-02-05 22:52:40;3;
2020-02-05 22:53:48;2020-02-05 22:53:51;3;
2020-02-05 22:54:56;2020-02-05 22:55:04;8;
2020-02-05 22:56:02;2020-02-05 22:56:12;10;
2020-02-05 22:56:51;2020-02-05 22:57:04;13;
2020-02-05 23:03:57;2020-02-05 23:04:00;3;
2020-02-05 23:08:16;2020-02-05 23:08:24;8;
2020-02-06 01:57:59;2020-02-06 01:58:05;6;
2020-02-06 02:21:20;2020-02-06 02:21:25;5;
2020-02-06 02:31:51;2020-02-06 02:31:53;2;
2020-02-06 02:32:31;2020-02-06 02:32:48;17;
2020-02-06 02:33:45;2020-02-06 02:33:50;5;
2020-02-06 02:35:23;2020-02-06 02:35:26;3;
2020-02-06 02:36:50;2020-02-06 02:36:58;8;
2020-02-06 02:38:09;2020-02-06 02:38:11;2;
2020-02-06 02:40:33;2020-02-06 02:40:49;16;
2020-02-06 02:41:30;2020-02-06 02:41:35;5;
2020-02-06 02:42:21;2020-02-06 02:42:30;9;
2020-02-06 02:42:49;2020-02-06 02:43:08;19;
2020-02-06 02:44:08;2020-02-06 02:44:13;5;
2020-02-06 02:46:21;2020-02-06 02:46:48;27;
2020-02-06 02:47:12;2020-02-06 02:47:32;20;
2020-02-06 02:48:31;2020-02-06 02:48:37;6;
2020-02-06 02:48:56;2020-02-06 02:49:07;11;
2020-02-06 02:50:04;2020-02-06 02:50:12;8;
2020-02-06 02:52:39;2020-02-06 02:53:00;21;
2020-02-06 02:53:20;2020-02-06 02:53:25;5;
2020-02-06 02:54:47;2020-02-06 02:54:57;10;
2020-02-06 02:55:27;2020-02-06 02:55:38;11;
2020-02-06 02:56:41;2020-02-06 02:57:05;24;
2020-02-06 02:57:22;2020-02-06 02:57:38;16;
2020-02-06 02:58:05;2020-02-06 02:58:13;8;
2020-02-06 02:59:01;2020-02-06 02:59:05;4;
2020-02-06 02:59:24;2020-02-06 02:59:46;22;
2020-02-06 03:00:16;2020-02-06 03:00:45;29;
2020-02-06 03:01:15;2020-02-06 03:01:23;8;
2020-02-06 03:02:02;2020-02-06 03:02:18;16;
2020-02-06 03:02:37;2020-02-06 03:02:45;8;
2020-02-06 03:05:31;2020-02-06 03:05:50;19;
2020-02-06 03:06:25;2020-02-06 03:06:34;9;
2020-02-06 03:06:55;2020-02-06 03:07:12;17;
2020-02-06 03:09:28;2020-02-06 03:09:38;10;
2020-02-06 03:09:57;2020-02-06 03:10:03;6;
2020-02-06 03:10:52;2020-02-06 03:11:05;13;
2020-02-06 03:11:54;2020-02-06 03:12:46;52;
2020-02-06 03:13:49;2020-02-06 03:14:21;32;
2020-02-06 03:14:57;2020-02-06 03:15:07;10;
2020-02-06 03:15:43;2020-02-06 03:16:13;30;
2020-02-06 03:17:13;2020-02-06 03:17:34;21;
2020-02-06 03:18:02;2020-02-06 03:18:07;5;
2020-02-06 03:18:26;2020-02-06 03:18:45;19;
2020-02-06 03:19:04;2020-02-06 03:20:07;63;
2020-02-06 03:20:28;2020-02-06 03:20:31;3;
2020-02-06 03:21:04;2020-02-06 03:21:34;30;
2020-02-06 03:22:09;2020-02-06 03:22:28;19;
2020-02-06 03:22:50;2020-02-06 03:23:11;21;
2020-02-06 03:23:30;2020-02-06 03:23:50;20;
2020-02-06 03:24:33;2020-02-06 03:24:39;6;
2020-02-06 03:25:00;2020-02-06 03:25:06;6;
2020-02-06 03:25:33;2020-02-06 03:26:19;46;
2020-02-06 03:26:44;2020-02-06 03:28:21;97;
2020-02-06 03:29:19;2020-02-06 03:30:02;43;
2020-02-06 03:30:43;2020-02-06 03:30:48;5;
2020-02-06 03:31:05;2020-02-06 03:31:10;5;
2020-02-06 03:31:56;2020-02-06 03:32:15;19;
2020-02-06 03:33:21;2020-02-06 03:33:56;35;
2020-02-06 03:34:15;2020-02-06 03:34:29;14;
2020-02-06 03:35:04;2020-02-06 03:35:07;3;
2020-02-06 03:35:31;2020-02-06 03:36:20;49;
2020-02-06 03:36:39;2020-02-06 03:36:47;8;
2020-02-06 03:37:06;2020-02-06 03:38:01;55;
2020-02-06 03:38:20;2020-02-06 03:38:41;21;
2020-02-06 03:39:03;2020-02-06 03:39:25;22;
2020-02-06 03:39:44;2020-02-06 03:40:03;19;
2020-02-06 03:40:22;2020-02-06 03:41:49;87;
2020-02-06 03:42:11;2020-02-06 03:42:22;11;
2020-02-06 03:42:41;2020-02-06 03:44:02;81;
2020-02-06 03:44:21;2020-02-06 03:45:05;44;
2020-02-06 03:46:02;2020-02-06 03:47:51;109;
2020-02-06 03:48:12;2020-02-06 03:48:45;33;
2020-02-06 03:49:04;2020-02-06 03:49:23;19;
2020-02-06 03:50:26;2020-02-06 03:51:12;46;
2020-02-06 03:52:07;2020-02-06 03:52:39;32;
2020-02-06 03:54:01;2020-02-06 03:54:39;38;
2020-02-06 03:54:58;2020-02-06 03:55:00;2;
2020-02-06 03:55:44;2020-02-06 03:55:47;3;
2020-02-06 03:56:30;2020-02-06 03:57:11;41;
2020-02-06 03:57:27;2020-02-06 03:57:44;17;
2020-02-06 03:58:52;2020-02-06 03:59:00;8;
2020-02-06 03:59:32;2020-02-06 03:59:42;10;
2020-02-06 04:00:32;2020-02-06 04:00:51;19;
2020-02-06 04:01:56;2020-02-06 04:02:05;9;
2020-02-06 04:02:32;2020-02-06 04:02:40;8;
2020-02-06 04:06:28;2020-02-06 04:06:34;6;
2020-02-06 04:07:34;2020-02-06 04:07:47;13;
2020-02-06 04:08:58;2020-02-06 04:09:20;22;
2020-02-06 04:10:00;2020-02-06 04:10:36;36;
2020-02-06 04:10:55;2020-02-06 04:11:03;8;
2020-02-06 04:11:36;2020-02-06 04:11:46;10;
2020-02-06 04:12:46;2020-02-06 04:13:19;33;
2020-02-06 04:13:38;2020-02-06 04:15:38;120;
2020-02-06 04:16:02;2020-02-06 04:16:21;19;
2020-02-06 04:16:40;2020-02-06 04:16:46;6;
2020-02-06 04:17:08;2020-02-06 04:17:16;8;
2020-02-06 04:18:05;2020-02-06 04:18:59;54;
2020-02-06 04:19:40;2020-02-06 04:20:07;27;
2020-02-06 04:20:26;2020-02-06 04:20:34;8;
2020-02-06 04:21:04;2020-02-06 04:21:18;14;
2020-02-06 04:21:47;2020-02-06 04:21:49;2;
2020-02-06 04:22:12;2020-02-06 04:22:34;22;
2020-02-06 04:22:55;2020-02-06 04:23:34;39;
2020-02-06 04:24:09;2020-02-06 04:24:28;19;
2020-02-06 04:24:55;2020-02-06 04:25:28;33;
2020-02-06 04:25:50;2020-02-06 04:26:00;10;
2020-02-06 04:26:49;2020-02-06 04:27:22;33;
2020-02-06 04:27:41;2020-02-06 04:27:46;5;
2020-02-06 04:28:05;2020-02-06 04:29:08;63;
2020-02-06 04:29:27;2020-02-06 04:29:49;22;
2020-02-06 04:30:16;2020-02-06 04:30:29;13;
2020-02-06 04:30:57;2020-02-06 04:31:05;8;
2020-02-06 04:31:54;2020-02-06 04:32:13;19;
2020-02-06 04:33:21;2020-02-06 04:33:32;11;
2020-02-06 04:33:51;2020-02-06 04:34:02;11;
2020-02-06 04:35:40;2020-02-06 04:36:09;29;
2020-02-06 04:36:42;2020-02-06 04:36:53;11;
2020-02-06 04:37:28;2020-02-06 04:37:50;22;
2020-02-06 04:38:09;2020-02-06 04:39:20;71;
2020-02-06 04:39:50;2020-02-06 04:39:58;8;
2020-02-06 04:41:14;2020-02-06 04:41:22;8;
2020-02-06 04:42:05;2020-02-06 04:42:33;28;
2020-02-06 04:43:22;2020-02-06 04:43:33;11;
2020-02-06 04:44:13;2020-02-06 04:44:19;6;
2020-02-06 04:45:32;2020-02-06 04:45:46;14;
2020-02-06 04:46:05;2020-02-06 04:46:46;41;
2020-02-06 04:47:24;2020-02-06 04:48:13;49;
2020-02-06 04:48:45;2020-02-06 04:49:31;46;
2020-02-06 04:50:39;2020-02-06 04:50:48;9;
2020-02-06 04:51:34;2020-02-06 04:51:58;24;
2020-02-06 04:52:25;2020-02-06 04:52:31;6;
2020-02-06 04:53:39;2020-02-06 04:53:42;3;
2020-02-06 04:55:33;2020-02-06 04:56:00;27;
2020-02-06 04:57:06;2020-02-06 04:57:08;2;
2020-02-06 04:57:52;2020-02-06 04:57:55;3;
2020-02-06 04:58:19;2020-02-06 04:59:00;41;
2020-02-06 04:59:19;2020-02-06 04:59:27;8;
2020-02-06 05:00:00;2020-02-06 05:00:08;8;
2020-02-06 05:00:29;2020-02-06 05:00:40;11;
2020-02-06 05:00:59;2020-02-06 05:01:29;30;
2020-02-06 05:02:21;2020-02-06 05:02:37;16;
2020-02-06 05:03:40;2020-02-06 05:03:51;11;
2020-02-06 05:04:53;2020-02-06 05:04:56;3;
2020-02-06 05:05:31;2020-02-06 05:05:34;3;
2020-02-06 05:06:23;2020-02-06 05:07:20;57;
2020-02-06 05:08:39;2020-02-06 05:08:44;5;
2020-02-06 05:09:14;2020-02-06 05:09:20;6;
2020-02-06 05:09:47;2020-02-06 05:09:55;8;
2020-02-06 05:10:36;2020-02-06 05:10:55;19;
2020-02-06 05:11:27;2020-02-06 05:11:49;22;
2020-02-06 05:12:27;2020-02-06 05:12:35;8;
2020-02-06 05:14:05;2020-02-06 05:14:19;14;
2020-02-06 05:15:05;2020-02-06 05:15:35;30;
2020-02-06 05:16:54;2020-02-06 05:17:08;14;
2020-02-06 05:18:40;2020-02-06 05:19:48;68;
2020-02-06 05:20:37;2020-02-06 05:20:59;22;
2020-02-06 05:21:42;2020-02-06 05:22:04;22;
2020-02-06 05:23:39;2020-02-06 05:24:23;44;
2020-02-06 05:29:19;2020-02-06 05:29:22;3;
2020-02-06 05:32:02;2020-02-06 05:32:08;6;
2020-02-06 05:32:27;2020-02-06 05:32:29;2;
2020-02-06 05:36:21;2020-02-06 05:36:40;19;
2020-02-06 05:37:37;2020-02-06 05:38:01;24;
2020-02-06 05:40:31;2020-02-06 05:40:33;2;
2020-02-06 05:42:55;2020-02-06 05:43:11;16;
2020-02-06 05:43:36;2020-02-06 05:43:41;5;
2020-02-06 05:51:50;2020-02-06 05:51:53;3;
2020-02-06 05:52:37;2020-02-06 05:52:45;8;
2020-02-06 05:53:20;2020-02-06 05:53:34;14;
2020-02-06 05:54:44;2020-02-06 05:54:50;6;
2020-02-06 05:55:09;2020-02-06 05:55:12;3;
2020-02-06 05:58:22;2020-02-06 05:58:35;13;
2020-02-06 06:00:21;2020-02-06 06:00:32;11;
2020-02-06 06:03:29;2020-02-06 06:03:32;3;
2020-02-06 06:05:42;2020-02-06 06:05:59;17;
2020-02-06 06:08:34;2020-02-06 06:08:36;2;
2020-02-06 06:09:23;2020-02-06 06:09:25;2;
2020-02-06 06:10:09;2020-02-06 06:10:14;5;
2020-02-06 06:14:49;2020-02-06 06:15:00;11;
2020-02-06 06:15:46;2020-02-06 06:15:49;3;
2020-02-06 06:16:24;2020-02-06 06:16:59;35;
2020-02-06 06:18:43;2020-02-06 06:18:59;16;
2020-02-06 06:19:18;2020-02-06 06:19:32;14;
2020-02-06 06:20:15;2020-02-06 06:20:48;33;
2020-02-06 06:22:31;2020-02-06 06:22:53;22;
2020-02-06 06:23:23;2020-02-06 06:23:25;2;
2020-02-06 06:23:44;2020-02-06 06:23:58;14;
2020-02-06 06:25:01;2020-02-06 06:25:06;5;
2020-02-06 06:25:33;2020-02-06 06:25:47;14;
2020-02-06 06:26:19;2020-02-06 06:26:40;21;
2020-02-06 06:28:03;2020-02-06 06:28:16;13;
2020-02-06 06:29:35;2020-02-06 06:29:51;16;
2020-02-06 06:30:51;2020-02-06 06:30:57;6;
2020-02-06 06:31:56;2020-02-06 06:32:07;11;
2020-02-06 06:33:53;2020-02-06 06:34:12;19;
2020-02-06 06:34:48;2020-02-06 06:34:50;2;
2020-02-06 06:35:18;2020-02-06 06:35:26;8;
2020-02-06 06:35:45;2020-02-06 06:35:50;5;
2020-02-06 06:36:34;2020-02-06 06:36:51;17;
2020-02-06 06:37:47;2020-02-06 06:37:55;8;
2020-02-06 06:39:13;2020-02-06 06:39:28;15;
2020-02-06 06:40:17;2020-02-06 06:40:25;8;
2020-02-06 06:40:44;2020-02-06 06:41:03;19;
2020-02-06 06:42:22;2020-02-06 06:42:57;35;
2020-02-06 06:44:35;2020-02-06 06:44:38;3;
2020-02-06 06:45:40;2020-02-06 06:45:54;14;
2020-02-06 06:46:21;2020-02-06 06:46:43;22;
2020-02-06 06:47:15;2020-02-06 06:47:21;6;
2020-02-06 06:48:02;2020-02-06 06:48:04;2;
2020-02-06 06:48:59;2020-02-06 06:49:34;35;
2020-02-06 06:50:07;2020-02-06 06:50:15;8;
2020-02-06 06:50:37;2020-02-06 06:50:42;5;
2020-02-06 06:52:12;2020-02-06 06:52:25;13;
2020-02-06 06:54:28;2020-02-06 06:55:17;49;
2020-02-06 06:55:55;2020-02-06 06:56:08;13;
2020-02-06 06:56:36;2020-02-06 06:56:38;2;
2020-02-06 06:58:05;2020-02-06 06:58:14;9;
2020-02-06 06:59:43;2020-02-06 06:59:49;6;
2020-02-06 07:00:16;2020-02-06 07:00:27;11;
2020-02-06 07:02:05;2020-02-06 07:02:56;51;
2020-02-06 07:03:56;2020-02-06 07:04:10;14;
2020-02-06 07:06:07;2020-02-06 07:06:12;5;
2020-02-06 07:08:01;2020-02-06 07:08:20;19;
2020-02-06 07:09:52;2020-02-06 07:10:09;17;
2020-02-06 07:15:02;2020-02-06 07:15:11;9;
2020-02-06 07:19:23;2020-02-06 07:19:29;6;
2020-02-06 07:20:31;2020-02-06 07:20:42;11;
2020-02-06 07:22:31;2020-02-06 07:22:34;3;
2020-02-06 07:26:44;2020-02-06 07:26:55;11;
2020-02-06 07:27:33;2020-02-06 07:27:38;5;
2020-02-06 07:33:07;2020-02-06 07:33:29;22;
2020-02-06 07:34:26;2020-02-06 07:35:53;87;
2020-02-06 07:36:39;2020-02-06 07:36:50;11;
2020-02-06 07:38:15;2020-02-06 07:38:20;5;
2020-02-06 07:39:41;2020-02-06 07:39:52;11;
2020-02-06 07:42:27;2020-02-06 07:42:33;6;
2020-02-06 07:43:11;2020-02-06 07:43:22;11;
2020-02-06 07:46:38;2020-02-06 07:46:57;19;
2020-02-06 07:53:36;2020-02-06 07:53:42;6;
2020-02-06 07:56:28;2020-02-06 07:56:32;4;
2020-02-06 07:58:06;2020-02-06 07:58:08;2;
2020-02-06 07:58:57;2020-02-06 07:59:08;11;
2020-02-06 08:01:59;2020-02-06 08:02:05;6;
2020-02-06 08:06:48;2020-02-06 08:06:51;3;
2020-02-06 09:44:47;2020-02-06 09:44:58;11;
2020-02-06 09:54:32;2020-02-06 09:54:42;10;
2020-02-06 09:55:12;2020-02-06 09:55:29;17;
2020-02-06 09:56:50;2020-02-06 09:56:56;6;
2020-02-06 10:00:14;2020-02-06 10:00:44;30;
2020-02-06 10:03:22;2020-02-06 10:03:44;22;
2020-02-06 10:07:38;2020-02-06 10:08:00;22;
2020-02-06 10:09:13;2020-02-06 10:09:27;14;
2020-02-06 10:16:39;2020-02-06 10:16:45;6;
2020-02-06 10:19:20;2020-02-06 10:19:28;8;
2020-02-06 10:22:49;2020-02-06 10:22:52;3;
2020-02-06 10:45:30;2020-02-06 10:45:32;2;
2020-02-06 11:28:51;2020-02-06 11:29:13;22;
2020-02-06 14:29:12;2020-02-06 14:29:16;4;
2020-02-06 23:18:11;2020-02-06 23:18:32;21;
2020-02-06 23:23:40;2020-02-06 23:23:48;8;
2020-02-06 23:25:48;2020-02-06 23:25:53;5;
2020-02-06 23:29:17;2020-02-06 23:29:22;5;
2020-02-06 23:30:57;2020-02-06 23:31:14;17;
2020-02-06 23:31:30;2020-02-06 23:31:33;3;
2020-02-06 23:32:11;2020-02-06 23:32:16;5;
2020-02-06 23:32:54;2020-02-06 23:33:03;9;
2020-02-06 23:33:32;2020-02-06 23:33:38;6;
2020-02-06 23:34:55;2020-02-06 23:35:00;5;
2020-02-06 23:35:32;2020-02-06 23:35:46;14;
2020-02-06 23:36:10;2020-02-06 23:36:40;30;
2020-02-06 23:37:18;2020-02-06 23:37:24;6;
2020-02-06 23:38:18;2020-02-06 23:38:21;3;
2020-02-06 23:38:43;2020-02-06 23:39:02;19;
2020-02-06 23:43:31;2020-02-06 23:43:33;2;
2020-02-06 23:44:01;2020-02-06 23:44:07;6;
2020-02-06 23:45:50;2020-02-06 23:45:52;2;
2020-02-06 23:47:19;2020-02-06 23:47:27;8;
2020-02-06 23:47:46;2020-02-06 23:48:00;14;
2020-02-06 23:48:57;2020-02-06 23:49:03;6;
2020-02-06 23:50:10;2020-02-06 23:50:19;9;
2020-02-06 23:50:40;2020-02-06 23:50:59;19;
2020-02-06 23:53:10;2020-02-06 23:53:13;3;
2020-02-06 23:54:10;2020-02-06 23:54:21;11;
2020-02-06 23:54:40;2020-02-06 23:54:42;2;
2020-02-06 23:56:23;2020-02-06 23:56:31;8;
2020-02-06 23:57:31;2020-02-06 23:57:36;5;
2020-02-06 23:58:01;2020-02-06 23:58:12;11;
